index;id;smiles;mols;Predicted_pKi;QED;synthetic_accesibility;LLM-configuration;MW;FCsp3;HBA;HBD;Rotatable_bonds;RingCount;TPSA;LogP
219;t07_C_Non_seq_45;CC=C(C)CN(CC)C(=O)CN(C)S(=O)(=O)c1c(C)n[nH]c1C;ü§∑‚Äç‚ôÇÔ∏è;7.552490234375;0.7601986045673912;2.875577465281527;t07_C;342.17256169200004;0.6;4;1;7;1;86.37;1.46174
330;t1_2_C_Non_seq_72;CCCCC1NS(=O)(=O)c2cccc(C(N)=O)c2C1Nc1ccccc1F;ü§∑‚Äç‚ôÇÔ∏è;7.339583396911621;0.7045933223212459;3.620404622219093;t1_2_C;391.136590784;0.3157894736842105;4;3;6;3;101.28999999999999;2.9285000000000005
39;Seq_39;CC1=CC=C(CN2CCOCC2)C(=C1)C(=O)NC1=C(O)C=CC2=C1C=CC=C2;ü§∑‚Äç‚ôÇÔ∏è;7.251758575439453;0.6773414197852884;2.1829596814147987;Seq;376.178692628;0.2608695652173913;4;2;4;4;61.8;3.9383200000000027
340;t1_2_C_Non_seq_82;CCOc1ccc(N(C(C)C(=O)Nc2ccccc2)S(C)(=O)=O)cc1C;ü§∑‚Äç‚ôÇÔ∏è;7.186247825622559;0.8051775802029517;2.4942305018781425;t1_2_C;376.14567824799997;0.3157894736842105;4;1;7;2;75.71000000000001;3.1869200000000015
213;t07_C_Non_seq_39;CC#Cc1cccc(N(C(C)C)S(=O)(=O)c2ccc(C(N)=O)cc2)c1;ü§∑‚Äç‚ôÇÔ∏è;7.052791595458984;0.8366287092013666;2.462541055181168;t07_C;356.1194635;0.21052631578947367;3;1;5;2;80.47;2.760600000000001
267;t1_2_C_Non_seq_9;CC=CCN(Cc1noc(CC)n1)C(=O)c1coc(COc2ccc3c(c2)CCC3)n1;ü§∑‚Äç‚ôÇÔ∏è;7.026726722717285;0.48262973826565186;2.9719744728331676;t1_2_C;422.195405312;0.391304347826087;7;0;9;4;94.49000000000001;3.906200000000003
63;Seq_63;NC(=O)C1=NN(CC2=CC=C(F)C=C2)C2=CC=CC=C12;ü§∑‚Äç‚ôÇÔ∏è;6.9198150634765625;0.7928259188602657;1.8666178196829364;Seq;269.096440224;0.06666666666666667;3;1;3;3;60.910000000000004;2.3225999999999996
308;t1_2_C_Non_seq_50;CCn1cnc2cc(C(=O)Nc3ccc(F)cc3OCC3CC3)ccc21;ü§∑‚Äç‚ôÇÔ∏è;6.804948806762695;0.7211814787071942;2.20867605911023;t1_2_C;353.15395509999996;0.3;4;1;6;4;56.150000000000006;4.236400000000003
64;Seq_64;CC(C)CCC[C@@H](C)CCC[C@]1(C)CCC2=C(O1)C(C)=C(C)C(O)=C2C;ü§∑‚Äç‚ôÇÔ∏è;6.792782783508301;0.5387576963002539;3.472496501493083;Seq;360.30283052;0.75;2;1;8;2;29.46;7.033860000000009
280;t1_2_C_Non_seq_22;CCOC(=O)c1nc2c(c(C(=O)NCCNC3CCCCC3)c1C)CCC2;ü§∑‚Äç‚ôÇÔ∏è;6.754210472106934;0.5673627609355003;2.5894014863135464;t1_2_C;373.236541852;0.6666666666666666;5;2;7;3;80.32;2.7075199999999997
259;t1_2_C_Non_seq_1;CCCC(=Cc1nc(CCc2ccc(O)cc2)no1)n1cnc2ccccc21;ü§∑‚Äç‚ôÇÔ∏è;6.709022521972656;0.5069011393934402;2.911057638471293;t1_2_C;374.174275944;0.22727272727272727;6;1;7;4;76.97000000000001;4.708300000000003
96;Seq_96;CC1=CC2=C(C=C1)N(C[C@H](O)[C@H](O)[C@H](O)CO[P@](O)(=O)O[P@@](O)(=O)OC[C@H]1O[C@H]([C@H](O)[C@@H]1O)N1C=NC3=C1N=CN=C3N)C1=NC(=O)NC(=O)C1=N2;ü§∑‚Äç‚ôÇÔ∏è;6.658938407897949;0.04330484522524024;5.215591178408422;Seq;771.1414845519996;0.4230769230769231;21;9;13;6;362.9299999999999;-2.732379999999999
297;t1_2_C_Non_seq_39;CCc1ccc(OC(F)F)c(NC(=O)CCN2CCCCC2=O)c1;ü§∑‚Äç‚ôÇÔ∏è;6.633096694946289;0.8292000586137398;2.2133019199486874;t1_2_C;340.15984900399997;0.5294117647058824;3;1;7;2;58.64;3.1915000000000022
175;t07_C_Non_seq_1;CCc1ccc(C)c(S(=O)(=O)NCCc2ccccc2C)c1;ü§∑‚Äç‚ôÇÔ∏è;6.62420654296875;0.8874841499894474;1.8946625753456487;t07_C;317.144949976;0.3333333333333333;2;1;6;2;46.17;3.386840000000002
334;t1_2_C_Non_seq_76;CC=CCNC(=O)NC(C)(C)COc1ccc(CN2CCOCC2)cc1;ü§∑‚Äç‚ôÇÔ∏è;6.595676422119141;0.6987486802100225;2.5108777223118928;t1_2_C;361.23654185199996;0.55;4;2;8;2;62.83;2.5515000000000008
168;t02_C_Non_seq_87;CCc1ccc(C(=O)N(C)C)cc1NC(=O)c1cc(C)n(C(C)C)c1C;ü§∑‚Äç‚ôÇÔ∏è;6.571020126342773;0.8736636981747328;2.2463866800991106;t02_C;355.22597716800004;0.42857142857142855;3;1;5;2;54.34;4.202340000000003
338;t1_2_C_Non_seq_80;CCCCCN(C)C(=O)c1cc(NC(=O)c2nccnc2N)c(F)cc1F;ü§∑‚Äç‚ôÇÔ∏è;6.560854911804199;0.7227376209254524;2.430422635434695;t1_2_C;377.16633135200004;0.3333333333333333;5;2;7;2;101.21;2.8515000000000006
75;Seq_75;CC(C)CCC[C@@H](C)CCC[C@@H](C)CCC[C@]1(C)CCC2=C(O1)C(C)=C(O)C=C2C;ü§∑‚Äç‚ôÇÔ∏è;6.556907653808594;0.3697007878533774;3.8007715441829113;Seq;416.3654307759999;0.7857142857142857;2;1;12;2;29.46;8.531840000000004
88;Seq_88;CC(C)CCC[C@@H](C)CCC[C@@H](C)CCC[C@]1(C)CCC2=C(O1)C(C)=CC=C2C;ü§∑‚Äç‚ôÇÔ∏è;6.52879524230957;0.3402947935113179;3.6873962556676343;Seq;400.37051615599995;0.7857142857142857;1;0;12;2;9.23;8.826240000000004
204;t07_C_Non_seq_30;CCc1cccc(C)c1NC(=O)c1ccc(Cl)c(S(=O)(=O)N(C)C)c1;ü§∑‚Äç‚ôÇÔ∏è;6.513077735900879;0.8592332722509869;2.0097127746381815;t07_C;380.09614121199996;0.2777777777777778;3;1;5;2;66.48;3.713420000000002
92;Seq_92;CC(C)CCC[C@@H](C)CCC[C@@H](C)CCC[C@]1(C)CCC2=CC(O)=CC=C2O1;ü§∑‚Äç‚ôÇÔ∏è;6.507434844970703;0.3938858724011538;3.605777000110848;Seq;388.3341306479999;0.7692307692307693;2;1;12;2;29.46;7.91500000000001
342;t1_2_C_Non_seq_84;CCCOc1cc(S(=O)(=O)n2cnc(C)c2)c(OCC)cc1S(C)(=O)=O;ü§∑‚Äç‚ôÇÔ∏è;6.489548683166504;0.6650359444327952;2.7326749839691544;t1_2_C;402.09192842399995;0.4375;8;0;8;2;104.56;2.01952
58;Seq_58;CC(C)CCC[C@@H](C)CCC[C@@H](C)CCC[C@]1(C)CCC2=C(O1)C(C)=CC(O)=C2C;ü§∑‚Äç‚ôÇÔ∏è;6.478767395019531;0.3697007878533774;3.8173430263592723;Seq;416.3654307759999;0.7857142857142857;2;1;12;2;29.46;8.531840000000004
80;Seq_80;CC(C)CCC[C@@H](C)CCC[C@@H](C)CCC[C@]1(C)CCC2=C(O1)C(C)=CC=C2O;ü§∑‚Äç‚ôÇÔ∏è;6.43155574798584;0.3813468683032614;3.7364012556676354;Seq;402.3497807119999;0.7777777777777778;2;1;12;2;29.46;8.223420000000006
252;t07_C_Non_seq_78;CCC(C)(C)c1ccnc(Nc2ccc3c(c2)NC(=O)CO3)n1;ü§∑‚Äç‚ôÇÔ∏è;6.424155235290527;0.9061213789264243;2.587890778890994;t07_C;312.15862588;0.35294117647058826;5;2;4;3;76.14;3.2387000000000006
138;t02_C_Non_seq_44;CCOc1ccc(C(=O)Nc2ccc(C)c(S(=O)(=O)N(C)C)c2)nn1;ü§∑‚Äç‚ôÇÔ∏è;6.406876564025879;0.8368101977152327;2.2395426388915745;t02_C;364.1205261200001;0.3125;6;1;6;2;101.49;1.6863199999999998
18;Seq_18;CC(C)CCC[C@@H](C)CCC[C@@H](C)CCC[C@]1(C)CCC2=C(O1)C(C)=C(C)CC(C)=C2C;ü§∑‚Äç‚ôÇÔ∏è;6.391807556152344;0.29184957092982605;4.246254886887174;Seq;442.41746634799995;0.8064516129032258;1;0;12;2;9.23;10.325199999999993
249;t07_C_Non_seq_75;CCc1nn(C)c(C)c1C(C)NS(=O)(=O)c1ccc(Cl)c(Cl)c1;ü§∑‚Äç‚ôÇÔ∏è;6.382449150085449;0.8667278760091354;2.886409048180708;t07_C;375.057503208;0.4;4;1;5;2;63.99;3.637220000000003
24;Seq_24;CC(C)CCC[C@@H](C)CCC[C@@H](C)CCC[C@]1(C)CCC2=C(O1)C(C)=C(C)CC(C)=C2O;ü§∑‚Äç‚ôÇÔ∏è;6.37481689453125;0.3243174483600899;4.293623056648448;Seq;444.3967309039999;0.8;2;1;12;2;29.46;9.820799999999998
57;Seq_57;CC(C)CCC[C@@H](C)CCC[C@@H](C)CCC[C@]1(C)CCC2=C(O1)C(C)=CC(O)=C2;ü§∑‚Äç‚ôÇÔ∏è;6.371146202087402;0.3813468683032614;3.74015183259071;Seq;402.3497807119999;0.7777777777777778;2;1;12;2;29.46;8.223420000000006
223;t07_C_Non_seq_49;CCOc1cc(C(=O)Nc2nc3ccccc3[nH]2)cc(OC)c1OC;ü§∑‚Äç‚ôÇÔ∏è;6.370510101318359;0.7188269340407238;2.044731842893869;t07_C;341.137556088;0.2222222222222222;5;2;6;3;85.47;3.2311000000000014
181;t07_C_Non_seq_7;CC=CCn1c(=O)c(=O)[nH]c2cc(C(=O)Nc3ccccc3F)ccc21;ü§∑‚Äç‚ôÇÔ∏è;6.367792129516602;0.5586217909930994;2.335472482087475;t07_C;353.117569592;0.10526315789473684;4;2;4;3;83.96000000000001;2.657300000000001
66;Seq_66;CC(C)CCC[C@@H](C)CCC[C@@H](C)CCC[C@]1(C)CCC2=C(O1)C(C)=CC=C2;ü§∑‚Äç‚ôÇÔ∏è;6.35704231262207;0.34955707771599853;3.5913255208209067;Seq;386.35486609199995;0.7777777777777778;1;0;12;2;9.23;8.517820000000006
255;t07_C_Non_seq_81;CCCC(CC)n1nccc1NC(=O)CCc1c(C)nc2c(C#N)cnn2c1C;ü§∑‚Äç‚ôÇÔ∏è;6.345546722412109;0.6281628635487793;3.3459526078251995;t07_C;393.2277084840001;0.47619047619047616;7;1;8;3;100.89999999999999;3.7368200000000025
7;Seq_7;CC(C)CCC[C@@H](C)CCC[C@@H](C)CCC[C@]1(C)CCC2=CC(O)=C(O)C=C2O1;ü§∑‚Äç‚ôÇÔ∏è;6.332457542419434;0.35218584230910627;3.737858563359943;Seq;404.3290452679999;0.7692307692307693;3;2;12;2;49.69;7.620600000000009
87;Seq_87;CC(C)CCC[C@@H](C)CCC[C@@H](C)CCC[C@]1(C)CCC2=C(O1)C1=CC(O)=CC=C1C2(C)C;ü§∑‚Äç‚ôÇÔ∏è;6.32258415222168;0.3406169827694898;4.079108387574961;Seq;454.3810808399999;0.7419354838709677;2;1;12;3;29.46;9.4027
211;t07_C_Non_seq_37;CCCCNC(=O)c1cc(NC(=O)COc2ccc(C)c(C)c2)ccc1F;ü§∑‚Äç‚ôÇÔ∏è;6.308256149291992;0.6887074306962402;1.8835247310687908;t07_C;372.18492088000005;0.3333333333333333;3;2;8;2;67.43;3.9899400000000025
141;t02_C_Non_seq_48;CCc1cc(C)n(-c2ccc(C(=O)N3CCCC(C)C3)cc2)n1;ü§∑‚Äç‚ôÇÔ∏è;6.285358428955078;0.8681503169921952;2.5349100628281036;t02_C;311.19976242;0.47368421052631576;3;0;3;3;38.13;3.6152200000000025
173;t02_C_Non_seq_98;CCC(C)c1nc(CN(C)C(=O)c2ccc(-c3ccco3)[nH]c2=O)cs1;ü§∑‚Äç‚ôÇÔ∏è;6.27944278717041;0.7131100220139411;3.1683544781912385;t02_C;371.13036253200005;0.3157894736842105;5;1;6;3;79.2;3.877100000000003
316;t1_2_C_Non_seq_58;CC#CCN1CCC(C(=O)NCC(C)(C)c2ccccc2OCC)CC1;ü§∑‚Äç‚ôÇÔ∏è;6.250999450683594;0.7629389983370856;2.461013472603808;t1_2_C;356.24637826399993;0.5909090909090909;3;1;7;2;41.57000000000001;3.2144000000000013
5;Seq_5;CC(C)CCC[C@@H](C)CCC[C@@H](C)CCC[C@]1(C)CCC2=C(O1)C(C)=CC(C)=C2O;ü§∑‚Äç‚ôÇÔ∏è;6.250533103942871;0.3697007878533774;3.816199874389291;Seq;416.3654307759999;0.7857142857142857;2;1;12;2;29.46;8.531840000000004
218;t07_C_Non_seq_44;CCOc1ccc(C(=O)NCCCc2ccc(OC)cc2)cc1OC;ü§∑‚Äç‚ôÇÔ∏è;6.241894721984863;0.7085249535013175;1.675558278430163;t07_C;343.17835828;0.35;4;1;9;2;56.790000000000006;3.4651000000000023
202;t07_C_Non_seq_28;CCCN(CC(=O)Nc1cccc(C)c1C)C(=O)c1cc(C)no1;ü§∑‚Äç‚ôÇÔ∏è;6.23128604888916;0.8834207898984457;2.2181824543396687;t07_C;329.173941596;0.3888888888888889;4;1;6;2;75.44;3.0907600000000013
10;Seq_10;CC(C)CCC[C@@H](C)CCC[C@@H](C)CCC[C@]1(C)CCC2=C(O1)C(C)=CC(C)=C2C;ü§∑‚Äç‚ôÇÔ∏è;6.228549957275391;0.3310753644842517;3.746987679267339;Seq;414.38616621999995;0.7931034482758621;1;0;12;2;9.23;9.134660000000002
142;t02_C_Non_seq_49;CCC(C)c1cc(C(=O)Nc2ccc(F)cc2)c2cnn(C(C)C)c2n1;ü§∑‚Äç‚ôÇÔ∏è;6.2237043380737305;0.7075153530663129;2.7610440988445575;t02_C;354.18558957600004;0.35;4;1;5;3;59.81;4.917100000000004
161;t02_C_Non_seq_78;CCc1cc(C)n(CC2CN(Cc3cc(C)on3)CCO2)n1;ü§∑‚Äç‚ôÇÔ∏è;6.212667465209961;0.8448641455692109;3.0915429116225983;t02_C;304.189926008;0.625;6;0;5;3;56.32000000000001;1.9513399999999999
90;Seq_90;CC(C)CCC[C@@H](C)CCC[C@@H](C)CCC[C@]1(C)CCC2=C(O1)C(C)=CC(C)=C2;ü§∑‚Äç‚ôÇÔ∏è;6.210966110229492;0.3402947935113179;3.661773947975327;Seq;400.37051615599995;0.7857142857142857;1;0;12;2;9.23;8.826240000000004
195;t07_C_Non_seq_21;CCn1nc(C(=O)NC2CCCC2)cc1NC(=O)c1ccc(F)cc1;ü§∑‚Äç‚ôÇÔ∏è;6.190859794616699;0.8754302394225576;2.1336514528613666;t07_C;344.164854132;0.3888888888888889;4;2;5;3;76.02000000000001;2.966800000000001
73;Seq_73;CC(C)CCC[C@@H](C)CCC[C@@H](C)CCC[C@]1(C)CCC2=C(O1)C(C)=C(C)C(C)=C2C;ü§∑‚Äç‚ôÇÔ∏è;6.1849517822265625;0.32188738181118026;3.741542812474081;Seq;428.40181628399995;0.8;1;0;12;2;9.23;9.44308
179;t07_C_Non_seq_5;CCCc1ccc(S(=O)(=O)N2CCC(C(=O)Nc3ccccc3)CC2)cc1;ü§∑‚Äç‚ôÇÔ∏è;6.183067321777344;0.8235125704282991;1.8005465412585995;t07_C;386.166413692;0.38095238095238093;3;1;6;3;66.48;3.6785000000000023
305;t1_2_C_Non_seq_47;CCOc1cccc(-c2c(C3CC3)n[nH]c2NC(=O)C2CCCc3[nH]ncc32)c1;ü§∑‚Äç‚ôÇÔ∏è;6.180454254150391;0.5885080708168454;3.5330344759570673;t1_2_C;391.20082504000004;0.4090909090909091;4;3;6;5;95.68999999999998;4.134500000000002
46;Seq_46;CC(C)CCC[C@@H](C)CCC[C@@H](C)CCC[C@]1(C)CCC2=C(O1)C(C)=C(C)CC(C)=C2;ü§∑‚Äç‚ôÇÔ∏è;6.172060012817383;0.30025640625795763;4.284685773042925;Seq;428.40181628399995;0.8;1;0;12;2;9.23;9.935099999999997
247;t07_C_Non_seq_73;CCc1cccc(C(=O)Nc2cccc(CN3CCOCC3)c2)c1;ü§∑‚Äç‚ôÇÔ∏è;6.16937255859375;0.9170530216985606;1.7677659908032055;t07_C;324.183778008;0.35;3;1;5;3;41.57000000000001;3.3335000000000017
292;t1_2_C_Non_seq_34;CCCOc1ccccc1NCC(=O)Nc1cc(C(C)(C)C)no1;ü§∑‚Äç‚ôÇÔ∏è;6.148238182067871;0.8065631417164509;2.308038544518146;t1_2_C;331.18959166;0.4444444444444444;5;2;7;2;76.39;3.8115000000000023
235;t07_C_Non_seq_61;CCc1cc(C)cc(NC(=O)c2c(C)nn(-c3ccccc3)c2C)c1;ü§∑‚Äç‚ôÇÔ∏è;6.139814376831055;0.7575383611968479;2.0117006867260923;t07_C;333.184112356;0.23809523809523808;3;1;4;3;46.92;4.612260000000004
77;Seq_77;NC1(CCN(CC1)C(=O)C1=CC=C(Cl)C=C1)C(=O)N[C@H](C(=O)NC1CCCCC1)C1=CC=CC=C1;ü§∑‚Äç‚ôÇÔ∏è;6.1375627517700195;0.5681050579132101;2.8837709798625326;Seq;496.22411859600004;0.4444444444444444;4;3;6;4;104.53;3.579900000000002
224;t07_C_Non_seq_50;CCc1ccc(OC2CCN(C(=O)c3cc(CC(C)C)n[nH]3)CC2)nn1;ü§∑‚Äç‚ôÇÔ∏è;6.135772705078125;0.8590657313913697;2.8054172233513945;t07_C;357.2164751040001;0.5789473684210527;5;1;6;3;84;2.6442000000000005
27;Seq_27;CC1=CC=C(C=C1)N(CC1=CC=CC=C1)C(=O)C1=CC=CC=C1;ü§∑‚Äç‚ôÇÔ∏è;6.121485710144043;0.6748230149792845;1.5744467764181493;Seq;301.146664228;0.09523809523809523;1;0;4;3;20.310000000000002;4.842020000000003
184;t07_C_Non_seq_10;CCc1ccc(-c2cc(C(=O)N(C)C)c3cnn(-c4ccc(F)cc4)c3n2)o1;ü§∑‚Äç‚ôÇÔ∏è;6.1112871170043945;0.5366686962031068;2.4295534063958684;t07_C;378.149204068;0.19047619047619047;5;0;4;4;64.16;4.083800000000003
116;t02_C_Non_seq_13;CCC(C)c1cc(C(=O)N2CCCC2c2ccc3c(c2)OCCO3)n[nH]1;ü§∑‚Äç‚ôÇÔ∏è;6.102744102478027;0.9085286536476709;3.312074303690885;t02_C;355.18959166;0.5;4;1;4;4;67.45;3.671700000000002
45;Seq_45;CC(C)CCC[C@@H](C)CCC[C@@H](C)CCC[C@]1(C)CCC2=C(O1)C(C)=C(C)C(O)=C2O;ü§∑‚Äç‚ôÇÔ∏è;6.097283363342285;0.32690817033233144;3.8803257795070483;Seq;432.3603453959999;0.7857142857142857;3;2;12;2;49.69;8.237440000000005
273;t1_2_C_Non_seq_15;CCC(Nc1cccc(Oc2cnccn2)c1)c1ccc(-n2cncn2)cc1;ü§∑‚Äç‚ôÇÔ∏è;6.087868690490723;0.5175857222626832;2.873391431151994;t1_2_C;372.16985926000007;0.14285714285714285;7;1;7;4;77.75;4.4128000000000025
324;t1_2_C_Non_seq_66;CC=CCN(Cc1cccc2c1OCCO2)C(=O)c1cnn(-c2ccncc2)c1C;ü§∑‚Äç‚ôÇÔ∏è;6.078742027282715;0.587735615964343;2.7778512210671025;t1_2_C;404.1848406280001;0.2608695652173913;6;0;6;4;69.48;3.5654200000000023
233;t07_C_Non_seq_59;CCC(C)n1ncc2c(C(=O)N3CCC4(CC3)OCCO4)cc(C3CC3)nc21;ü§∑‚Äç‚ôÇÔ∏è;6.071541786193848;0.8092489557803803;3.701659840347533;t07_C;384.216140756;0.6666666666666666;6;0;4;5;69.48;3.2588000000000017
307;t1_2_C_Non_seq_49;CC=CCn1c(SCc2noc(-c3ccsc3)n2)nnc1C1CC1;ü§∑‚Äç‚ôÇÔ∏è;6.061205863952637;0.46642813268794675;2.8779604962977103;t1_2_C;359.08745216400007;0.375;8;0;7;4;69.63;4.135400000000003
26;Seq_26;NC(=O)C1=CN(C=CC1)[C@@H]1C[C@H](C1)NC(=O)C1=CN(C2CC2)C(=O)C2=CC=CC=C12;ü§∑‚Äç‚ôÇÔ∏è;6.058436393737793;0.7982134397446142;3.0365635931777515;Seq;404.18484062799996;0.34782608695652173;5;2;5;5;97.43;2.1857999999999995
100;Seq_100;CC1=CC2=C(N1)N(CC1=CC=CC=C1)C(=O)CN(CC1=CC=CC=C1)C2=O;ü§∑‚Äç‚ôÇÔ∏è;6.044405937194824;0.7749292237068949;2.3885993346190872;Seq;359.163376912;0.18181818181818182;2;1;4;4;56.410000000000004;3.5123200000000026
296;t1_2_C_Non_seq_38;CCCN1C(=O)C(O)(CC(=O)c2ccco2)c2ccc(F)cc21;ü§∑‚Äç‚ôÇÔ∏è;6.042222023010254;0.8606841870029975;2.9202327477393464;t1_2_C;317.106336212;0.29411764705882354;4;1;5;3;70.75;2.6359000000000012
17;Seq_17;CC(C)C[C@@H](NC(=O)C(CC1=CC=CC=C1)NC(=O)C1=CN=CC=C1)C(=O)NC1=C(N)CCCCC1;ü§∑‚Äç‚ôÇÔ∏è;6.038558006286621;0.40602260623246594;3.2928946838715234;Seq;491.28964004400007;0.42857142857142855;5;4;10;3;126.21;3.204200000000001
60;Seq_60;CC1=C(C(=O)C2=CC(I)=C(I)C=C2)C2=C(O1)C=CC=C2;ü§∑‚Äç‚ôÇÔ∏è;6.03073787689209;0.36798451110260616;2.4270072789079205;Seq;487.87702556;0.0625;2;0;2;3;30.21;5.181420000000003
239;t07_C_Non_seq_65;CCCn1c(SCc2nc(N)nc(N(C)C)n2)nnc1-c1ccco1;ü§∑‚Äç‚ôÇÔ∏è;6.006758689880371;0.6326293816580333;2.6681948981484744;t07_C;360.14807826;0.4;10;1;7;3;111.78000000000002;2.0736
13;Seq_13;CC(C)CCC[C@@H](C)CCC[C@@H](C)CCC[C@]1(C)CCC2=C(O1)C(C)=C(C)C(C)=C2O;ü§∑‚Äç‚ôÇÔ∏è;6.006141662597656;0.35864394447897785;3.813623581704851;Seq;430.3810808399999;0.7931034482758621;2;1;12;2;29.46;8.840260000000002
49;Seq_49;CC(C)CCC[C@@H](C)CCC[C@@H](C)CCC[C@]1(C)CCC2=C(O1)C(C)=C(C)CC[C@H]2O;ü§∑‚Äç‚ôÇÔ∏è;5.988890647888184;0.3338212228994803;4.325397555759962;Seq;432.3967309039999;0.8620689655172413;2;1;12;2;29.46;8.739800000000002
189;t07_C_Non_seq_15;CCC(C)C(NC(=O)c1ccco1)C(=O)N1CCC(N2CCNC2=O)CC1;ü§∑‚Äç‚ôÇÔ∏è;5.963613510131836;0.7853902492688382;3.1986098448911573;t07_C;376.211055376;0.631578947368421;4;2;6;3;94.89000000000001;1.4403000000000004
147;t02_C_Non_seq_56;CCC(C)c1nc(CN2CCN(C(=O)c3ccc(F)cc3)CC2)no1;ü§∑‚Äç‚ôÇÔ∏è;5.952661514282227;0.8328666686087733;2.646135238840314;t02_C;346.180504196;0.5;5;0;5;3;62.470000000000006;2.680200000000001
226;t07_C_Non_seq_52;CCC(C)(C)OC(=O)Nc1cccc(NC(=O)N2CCCC3CCCC32)c1;ü§∑‚Äç‚ôÇÔ∏è;5.942090034484863;0.7599370300895946;3.066471990640146;t07_C;373.236541852;0.6190476190476191;3;2;4;3;70.67;5.220100000000005
67;Seq_67;NC1=NC(=C(N=N1)C1=C(Cl)C(Cl)=CC=C1)C1=CC(Cl)=CC=C1;ü§∑‚Äç‚ôÇÔ∏è;5.925104141235352;0.7234397656864717;2.272835267856733;Seq;349.989279328;0;4;1;2;3;64.69;4.748000000000001
130;t02_C_Non_seq_30;CCc1cccc(C(=O)N2CCN(Cc3ccc(C#N)cc3)CC2)c1;ü§∑‚Äç‚ôÇÔ∏è;5.924406051635742;0.8637407201722742;1.8596243130997188;t02_C;333.184112356;0.3333333333333333;3;0;4;3;47.34;3.078680000000002
205;t07_C_Non_seq_31;CCC(C)(C)N(Cc1ccccc1)C(=O)CNc1cc(C#N)ccc1C(F)(F)F;ü§∑‚Äç‚ôÇÔ∏è;5.885617256164551;0.6907746909235297;2.620123928337195;t07_C;403.187147048;0.36363636363636365;3;1;7;2;56.13;5.206380000000005
269;t1_2_C_Non_seq_11;CCc1ccc2nc(CN3CCN(C(=O)c4cc[nH]n4)CC3)[nH]c2c1;ü§∑‚Äç‚ôÇÔ∏è;5.882890701293945;0.7600952632366332;2.657016673479067;t1_2_C;338.185509324;0.3888888888888889;4;2;4;4;80.91;1.8063999999999998
103;Seq_103;NC(=O)C1=NN(C[C@H]2CC[C@H](O)CC2)C2=CC=CC=C12;ü§∑‚Äç‚ôÇÔ∏è;5.882648468017578;0.8924706462900985;2.30408340672747;Seq;273.147726848;0.4666666666666667;4;2;3;3;81.14;1.686299999999999
132;t02_C_Non_seq_34;CCc1ccc(C(=O)Nc2ccc(F)cc2)cc1NC(=O)c1ccco1;ü§∑‚Äç‚ôÇÔ∏è;5.8815813064575195;0.7107920824566087;1.8871215892557611;t02_C;352.122320624;0.1;3;2;5;3;71.34;4.485700000000002
227;t07_C_Non_seq_53;CCc1ccc(-c2cc(C(=O)NC3CC3)c3cnn(C(C)C)c3n2)o1;ü§∑‚Äç‚ôÇÔ∏è;5.878164291381836;0.7692029770684617;2.4889617856271933;t07_C;338.174275944;0.42105263157894735;5;1;5;4;72.95;3.7268000000000026
180;t07_C_Non_seq_6;CCc1c(C(=O)OCC2CCCO2)nnn1-c1ccc(OC(C)C)cc1;ü§∑‚Äç‚ôÇÔ∏è;5.859848976135254;0.707674440970892;2.8767907724412325;t07_C;359.18450628;0.5263157894736842;7;0;7;3;75.47000000000001;2.952700000000001
244;t07_C_Non_seq_70;CCC(C)COc1ccccc1CN(C)C(=O)c1cccc(N)c1;ü§∑‚Äç‚ôÇÔ∏è;5.859532356262207;0.7834368627592919;2.5055820287555317;t07_C;326.19942807200005;0.35;3;1;7;2;55.56;3.965900000000002
54;Seq_54;NC1=CC=C2N(CC(F)(F)C(F)(F)F)C(=O)CC[C@@]2(O)C1;ü§∑‚Äç‚ôÇÔ∏è;5.857494354248047;0.7623232881888019;4.0961055724704085;Seq;312.08971875599997;0.5833333333333334;3;2;2;2;66.56;1.6677000000000002
332;t1_2_C_Non_seq_74;CCCOC(=O)c1c(C)[nH]c(C(=O)COC(=O)c2cc3ccccc3o2)c1C;ü§∑‚Äç‚ôÇÔ∏è;5.83698844909668;0.48930686317991157;2.3707980772070414;t1_2_C;383.136887392;0.2857142857142857;6;1;7;3;98.60000000000001;3.9842400000000024
286;t1_2_C_Non_seq_28;CCCC(NC(=O)CCOc1ccc(F)cc1Cl)C(=O)OC;ü§∑‚Äç‚ôÇÔ∏è;5.831721305847168;0.7438371715254597;2.4428079665676545;t1_2_C;331.09866398799994;0.4666666666666667;4;1;8;1;64.63;2.7059000000000006
114;t02_C_Non_seq_11;CCOc1ccc(-c2nc(C(=O)N3CCOCC3)cs2)cc1OC;ü§∑‚Äç‚ôÇÔ∏è;5.826374053955078;0.831332462412457;2.0859639076689476;t02_C;348.11437811999997;0.4117647058823529;6;0;5;3;60.89;2.689800000000001
160;t02_C_Non_seq_77;CCC(C)c1ccc(C(=O)Nc2ccc(C(=O)N(C)C)c(Cl)c2)cc1;ü§∑‚Äç‚ôÇÔ∏è;5.815915107727051;0.8334871297886782;2.313406569539442;t02_C;358.144805656;0.3;2;1;5;2;49.410000000000004;4.807600000000004
108;t02_C_Non_seq_4;CCc1cc(C)c(C(=O)Nc2ccc(C(=O)N3CCCCC3)cc2)c(=O)[nH]1;ü§∑‚Äç‚ôÇÔ∏è;5.796110153198242;0.8709444355472193;2.1828010630525956;t02_C;367.18959166;0.38095238095238093;3;2;4;3;82.27000000000001;3.1241200000000013
236;t07_C_Non_seq_62;CCc1ccccc1CN(C)C(=O)c1ccc2c(c1)OCC(=O)N2;ü§∑‚Äç‚ôÇÔ∏è;5.792452812194824;0.940639624586765;2.2171373288768965;t07_C;324.1473925;0.2631578947368421;3;1;4;3;58.64;2.852100000000001
182;t07_C_Non_seq_8;CCC(C)c1cc(C(=O)N2CCCC(c3nc4ccccc4o3)C2)n[nH]1;ü§∑‚Äç‚ôÇÔ∏è;5.779914855957031;0.7674058812198504;3.310098919075502;t07_C;352.189926008;0.45;4;1;4;4;75.02000000000001;4.084200000000003
156;t02_C_Non_seq_69;CCC(C)c1nc(CN2CCN(c3ccc(C#N)cn3)CC2)cs1;ü§∑‚Äç‚ôÇÔ∏è;5.7707624435424805;0.8354456217853948;2.9163813598592103;t02_C;341.167416736;0.5;6;0;5;3;56.050000000000004;3.2454800000000024
29;Seq_29;NC1=CC(F)=C(C(=O)NC2=CC=C(Cl)C=C2F)C(=C1)C1=CC(F)=CC=C1F;ü§∑‚Äç‚ôÇÔ∏è;5.769644737243652;0.4614908842834874;2.2817841738962326;Seq;394.04960353200005;0;2;2;3;3;55.120000000000005;5.397900000000003
288;t1_2_C_Non_seq_30;CCCC(C)c1nnnn1CC(=O)Nc1cc(O)c(Cl)cc1Cl;ü§∑‚Äç‚ôÇÔ∏è;5.767328262329102;0.8270604716288558;2.9748582285085767;t1_2_C;357.075930144;0.42857142857142855;6;2;6;2;92.93;3.227800000000001
134;t02_C_Non_seq_37;CCOc1ccc(C(=O)N(C)Cc2ccc(C)o2)c(OC)c1OC;ü§∑‚Äç‚ôÇÔ∏è;5.75819206237793;0.778037377148822;2.227635601192816;t02_C;333.157622836;0.3888888888888889;5;0;7;2;61.14;3.2761200000000015
34;Seq_34;CC(C)CCC[C@@H](C)CCC[C@@H](C)CCC[C@]1(C)CCC2=C(O1)C1=CC(O)=CC=C1C2=O;ü§∑‚Äç‚ôÇÔ∏è;5.757164001464844;0.3553143803683073;3.9228558704057868;Seq;440.3290452679999;0.6896551724137931;3;1;12;3;46.53;8.307800000000006
231;t07_C_Non_seq_57;CCOc1ccc(C(=O)N2CCN(Cc3ccc(F)cc3)CC2)cc1;ü§∑‚Äç‚ôÇÔ∏è;5.75654411315918;0.836593616065673;1.6687704669458725;t07_C;342.174356196;0.35;3;0;5;3;32.78;3.182400000000002
79;Seq_79;CC1=C(CCN2CCOCC2)C2=CC=CC=C2C1=O;ü§∑‚Äç‚ôÇÔ∏è;5.754262924194336;0.8323444487409084;2.2319104819860556;Seq;257.141578848;0.4375;3;0;3;3;29.54;2.3787000000000003
287;t1_2_C_Non_seq_29;CCc1ccc(CNC(=O)NCCC(=O)NCC2CCCC2)n1C;ü§∑‚Äç‚ôÇÔ∏è;5.753994941711426;0.6807587767420907;2.4909755641710127;t1_2_C;334.2368762;0.6666666666666666;3;3;8;2;75.16;2.0831999999999997
33;Seq_33;CC(C)CCC[C@@H](C)CCC[C@@H](C)CCC[C@]1(C)CCC2=C(C)C(OC(C)=O)=C(C)C(C)=C2O1;ü§∑‚Äç‚ôÇÔ∏è;5.724821090698242;0.21204366595811167;3.8448071339272865;Seq;472.3916455239999;0.7741935483870968;3;0;13;2;35.53;9.059960000000004
0;Seq_0;CC1=C(C(=O)NC2=CC(I)=C(OCCN3CCOCC3)C=C2)C2=CC(Cl)=CC=C2N1;ü§∑‚Äç‚ôÇÔ∏è;5.721963882446289;0.4459842897261027;2.416462404831215;Seq;539.047267276;0.3181818181818182;4;2;6;4;66.59;4.697620000000003
298;t1_2_C_Non_seq_40;CCN(C)c1nc(N)nc(COC(=O)c2cccc(Br)c2)n1;ü§∑‚Äç‚ôÇÔ∏è;5.716944694519043;0.8094078034999332;2.41343029287402;t1_2_C;365.048736852;0.2857142857142857;7;1;5;2;94.23;2.0294
335;t1_2_C_Non_seq_77;CCCOC(=O)Cn1cc(NC(=O)c2ccc(Cl)cc2OCC)cn1;ü§∑‚Äç‚ôÇÔ∏è;5.713403701782227;0.7264991095103862;2.1973439834293895;t1_2_C;365.11423379999997;0.35294117647058826;6;1;8;2;82.45;3.1407000000000016
139;t02_C_Non_seq_45;CCc1ccc(C(=O)N(C)Cc2nc3ccccc3c(=O)[nH]2)cc1;ü§∑‚Äç‚ôÇÔ∏è;5.712451934814453;0.8033212616163445;2.0476848401891132;t02_C;321.14772684800005;0.21052631578947367;3;1;4;3;66.06;2.7577000000000007
289;t1_2_C_Non_seq_31;CCN(C(=O)c1csnn1)C(c1ccccc1)c1ccc(F)cc1;ü§∑‚Äç‚ôÇÔ∏è;5.682527542114258;0.7062856817368638;2.8311833665481725;t1_2_C;341.09981135199996;0.16666666666666666;4;0;5;3;46.09;3.928900000000003
225;t07_C_Non_seq_51;CCC(C)(C)OC(=O)N1CCN(Cc2c[nH]c3ccccc23)CC1;ü§∑‚Äç‚ôÇÔ∏è;5.673561096191406;0.9319923149107869;2.221419455573729;t07_C;329.210327104;0.5263157894736842;3;1;4;3;48.57;3.6107000000000022
228;t07_C_Non_seq_54;CCc1cc(C(=O)N2CCCC(c3[nH]ncc3-c3ccccc3)C2)c2[nH]ncc2c1;ü§∑‚Äç‚ôÇÔ∏è;5.670618057250977;0.5289964249181496;3.0952507050561504;t07_C;399.20591042000007;0.2916666666666667;3;2;4;5;77.67;4.535200000000003
206;t07_C_Non_seq_32;CCCC(C)C(NC(=O)Cn1ccccc1=O)c1nc2ccccc2[nH]1;ü§∑‚Äç‚ôÇÔ∏è;5.667543411254883;0.6858317022802773;3.1083013307179126;t07_C;352.189926008;0.35;4;2;7;3;79.78;3.018300000000001
176;t07_C_Non_seq_2;CCCC(C)NC(=O)CN(CC)C(=O)c1ccc(Br)cc1;ü§∑‚Äç‚ôÇÔ∏è;5.666963577270508;0.8165647203820304;2.4010859626065884;t07_C;354.09429007600005;0.5;2;1;7;1;49.410000000000004;3.216000000000002
333;t1_2_C_Non_seq_75;CCOc1ccc(C(=O)OCCn2cc(N)cn2)c(OC)c1;ü§∑‚Äç‚ôÇÔ∏è;5.666947364807129;0.7836736900398689;2.2080687666160372;t1_2_C;305.137556088;0.3333333333333333;7;1;7;2;88.60000000000001;1.7295999999999998
283;t1_2_C_Non_seq_25;CCOCCNC(=O)C12CCC(=O)N1c1ccccc1S2(=O)=O;ü§∑‚Äç‚ôÇÔ∏è;5.666543960571289;0.787038394903269;3.538731786200886;t1_2_C;338.09364267599994;0.4666666666666667;5;1;5;3;92.78;0.4497000000000002
193;t07_C_Non_seq_19;CCCNS(=O)(=O)c1ccc(C)c(C(=O)Nc2cccc(C)n2)c1;ü§∑‚Äç‚ôÇÔ∏è;5.661443710327148;0.8406698755454699;2.0543069298641434;t07_C;347.13036253200005;0.29411764705882354;4;2;6;2;88.16;2.6390400000000014
208;t07_C_Non_seq_34;CCC(C)c1cc(C(=O)N2CCOCC2)nc2c1cnn2C(C)C;ü§∑‚Äç‚ôÇÔ∏è;5.656191825866699;0.8644756657245097;3.0353978726131654;t07_C;330.205576072;0.6111111111111112;5;0;4;3;60.25000000000001;2.9981000000000018
136;t02_C_Non_seq_41;CCc1cc(C)n(C(=O)c2ccc(NC(=O)c3ccco3)cc2)n1;ü§∑‚Äç‚ôÇÔ∏è;5.655648231506348;0.7990196825008528;2.2250296365692037;t02_C;323.126991404;0.16666666666666666;5;1;4;3;77.13000000000001;3.287720000000001
222;t07_C_Non_seq_48;CCNc1c(Cl)cc(C(=O)NCc2cccc(OCC)c2)cc1OC;ü§∑‚Äç‚ôÇÔ∏è;5.650164604187012;0.7415429318433286;2.0754760713414786;t07_C;362.139720276;0.3157894736842105;4;2;8;2;59.59;4.109100000000002
110;t02_C_Non_seq_6;CCC(C)c1cc(C(=O)N2CCN(C(=O)c3ccc(F)cc3)CC2)n[nH]1;ü§∑‚Äç‚ôÇÔ∏è;5.642621040344238;0.9134990224202192;2.725281348581124;t02_C;358.1805041960001;0.42105263157894735;3;1;4;3;69.30000000000001;2.6605000000000008
254;t07_C_Non_seq_80;CCCCC1CN(C(=O)Nc2ccc(F)c(C(N)=O)c2)CCO1;ü§∑‚Äç‚ôÇÔ∏è;5.639814376831055;0.8720461728613693;2.6549707285085784;t07_C;323.16451978399994;0.5;3;2;5;2;84.66000000000001;2.3475
41;Seq_41;CC1=CC=C(NC2=CC=C(C=C2)S(=O)(=O)NC2=CC=CC=C2Cl)C(C)=C1;ü§∑‚Äç‚ôÇÔ∏è;5.639007568359375;0.6081243287372923;1.8107108382518593;Seq;386.08557652800005;0.1;3;2;5;3;58.2;5.501240000000003
277;t1_2_C_Non_seq_19;CCCc1nn(C)c(OCC(=O)N(CC)CC)c1-c1cncc(F)c1;ü§∑‚Äç‚ôÇÔ∏è;5.624865531921387;0.7359421268480578;2.764089363266942;t1_2_C;348.19615426;0.5;5;0;8;2;60.25000000000001;2.820900000000001
321;t1_2_C_Non_seq_63;CCC(=O)c1cc(OCC(N)=O)cc(OCC(=O)NCc2cccnc2)c1;ü§∑‚Äç‚ôÇÔ∏è;5.620656967163086;0.6061962664343697;2.216722318113325;t1_2_C;371.148120772;0.2631578947368421;6;2;10;2;120.61;1.2335999999999996
171;t02_C_Non_seq_95;CCc1cc(C)n(-c2ccc(C(=O)N(C)Cc3ccc(C#N)cc3)cc2)n1;ü§∑‚Äç‚ôÇÔ∏è;5.611676216125488;0.6950806153831413;2.1990101723643374;t02_C;358.179361324;0.22727272727272727;4;0;5;3;61.92;3.887000000000003
101;Seq_101;NC1=C2N=CN([C@H]3C[C@H](O)[C@@H](CO)O3)C2=NC2=C1C=C(C=C2)C(F)(F)F;ü§∑‚Äç‚ôÇÔ∏è;5.598334312438965;0.6371775433601363;3.673364477456224;Seq;368.109625;0.375;7;3;2;4;106.42;1.8262000000000003
284;t1_2_C_Non_seq_26;CCC1(C)CC(Nc2nc3nonc3nc2N2CCOCC2)CCO1;ü§∑‚Äç‚ôÇÔ∏è;5.5967206954956055;0.8830569153032541;3.794805428696808;t1_2_C;348.19098862799996;0.75;9;1;4;4;98.43;1.6089999999999998
185;t07_C_Non_seq_11;CCc1ccc(C(Cc2ccncc2)NCc2ncccc2C)cc1;ü§∑‚Äç‚ôÇÔ∏è;5.590405464172363;0.6961896453456962;2.5916284904468974;t07_C;331.20484780000004;0.2727272727272727;3;1;7;3;37.81;4.421020000000003
264;t1_2_C_Non_seq_6;CCc1ncc(-c2ccc(S(=O)(=O)N3CCC4(CC3)OCCO4)cc2)o1;ü§∑‚Äç‚ôÇÔ∏è;5.586986541748047;0.8127125719991377;3.019037175767635;t1_2_C;378.12494280399994;0.5;6;0;4;4;81.87;2.4316000000000004
302;t1_2_C_Non_seq_44;CCc1n[nH]c(SCc2cc(F)c(F)cc2F)n1;ü§∑‚Äç‚ôÇÔ∏è;5.581255912780762;0.6872586068433362;2.7117425029149924;t1_2_C;273.05475298;0.2727272727272727;3;1;4;2;41.57;3.0767000000000015
260;t1_2_C_Non_seq_2;CCc1c(C(=O)Nc2cc(S(C)(=O)=O)ccc2F)cnn1C;ü§∑‚Äç‚ôÇÔ∏è;5.576785087585449;0.8689064063254033;2.2502818969520764;t1_2_C;325.089640592;0.2857142857142857;5;1;4;2;81.06;1.7774
188;t07_C_Non_seq_14;CC#CCNC(=O)c1ccccc1NC(=O)c1ccc(OC)cc1OC;ü§∑‚Äç‚ôÇÔ∏è;5.576336860656738;0.7839476232511408;2.1074490890421647;t07_C;352.14230711999994;0.2;4;2;6;2;76.66000000000001;2.709200000000001
310;t1_2_C_Non_seq_52;C=CCOc1ccccc1C(=O)N(CC=CC)CCOC;ü§∑‚Äç‚ôÇÔ∏è;5.569108009338379;0.6561220786284377;2.439521586533864;t1_2_C;289.167793596;0.35294117647058826;3;0;9;1;38.769999999999996;2.916100000000001
336;t1_2_C_Non_seq_78;CCOCC(NC(=O)NC1CCOc2ccccc21)C(=O)NC(C)(C)C;ü§∑‚Äç‚ôÇÔ∏è;5.562715530395508;0.7223443860436061;3.1319973806139627;t1_2_C;363.21580640800005;0.5789473684210527;4;3;6;2;88.69;2.129199999999999
314;t1_2_C_Non_seq_56;CCOCCC1CCN(C(=O)NCCCc2cn[nH]c2C)CC1;ü§∑‚Äç‚ôÇÔ∏è;5.5625104904174805;0.7225029888005154;2.4582894233234835;t1_2_C;322.2368762;0.7647058823529411;3;2;8;2;70.25;2.498920000000001
214;t07_C_Non_seq_40;CCC(C)C(NC(=O)c1ccc(F)cc1)C(=O)Nc1ccc2c(c1)COC2;ü§∑‚Äç‚ôÇÔ∏è;5.559589385986328;0.8157980814492677;2.843803974445814;t07_C;370.169270816;0.3333333333333333;3;2;6;3;67.43;3.6391000000000018
1;Seq_1;NC(=O)C1(CCC1)NC(=O)C1=CN(C=CC1)S(=O)(=O)N1CCN(CC1)C(N)=O;ü§∑‚Äç‚ôÇÔ∏è;5.538492202758789;0.5031731933975413;3.371624751140396;Seq;412.15288886800005;0.5625;5;3;5;3;159.14;-1.4449999999999972
172;t02_C_Non_seq_96;CCC(C)c1nc(CN(C)C(=O)c2ccc(-n3cncn3)cc2)cs1;ü§∑‚Äç‚ôÇÔ∏è;5.518342971801758;0.6786579084374096;2.9349367556333785;t02_C;355.14668129200004;0.3333333333333333;6;0;6;3;63.910000000000004;3.5095000000000027
276;t1_2_C_Non_seq_18;CCOC(=O)c1ccc(N2CCC(NC(=O)CCNc3ncccn3)C2)cc1;ü§∑‚Äç‚ôÇÔ∏è;5.5175886154174805;0.6716614785097123;2.6482063420777475;t1_2_C;383.1957396600001;0.4;7;2;8;3;96.45;1.8503999999999992
322;t1_2_C_Non_seq_64;CCOc1ccc(NS(=O)(=O)c2ccc(OC)c(C#N)c2)cn1;ü§∑‚Äç‚ôÇÔ∏è;5.517045974731445;0.8690207861326276;2.199295542204604;t1_2_C;333.0783269600001;0.2;6;1;6;2;101.30999999999999;2.1613800000000003
11;Seq_11;NC1=CC2=C(S1)C(=O)N(CC1=CC=CC=C1)C(=O)N2CC1=CC=CC=C1;ü§∑‚Äç‚ôÇÔ∏è;5.513790130615234;0.6060296398241221;2.2545144125405834;Seq;363.104147784;0.1;6;1;4;4;70.02000000000001;2.903500000000001
317;t1_2_C_Non_seq_59;CCOCCN(Cc1cccs1)S(=O)(=O)c1cc2ccccc2oc1=O;ü§∑‚Äç‚ôÇÔ∏è;5.512277603149414;0.4341587749558298;2.503264208798379;t1_2_C;393.070464708;0.2777777777777778;6;0;8;3;76.82;3.081900000000002
106;t02_C_Non_seq_2;CCC(C)c1nc(CN(C)C(=O)c2ccc(-n3cncn3)nc2)cs1;ü§∑‚Äç‚ôÇÔ∏è;5.509276390075684;0.6785889075022553;3.1206838845607896;t02_C;356.14193026;0.35294117647058826;7;0;6;3;76.80000000000001;2.9045000000000014
200;t07_C_Non_seq_26;CC#CCN1CCC(C(=O)NCCc2ccc(OC)cc2)CC1;ü§∑‚Äç‚ôÇÔ∏è;5.506839752197266;0.8176381223901993;2.086570542204603;t07_C;314.199428072;0.5263157894736842;3;1;6;2;41.57000000000001;2.0891999999999995
323;t1_2_C_Non_seq_65;CCCC(=O)Nc1ccc(S(=O)(=O)N(C)C(C)COC)cc1;ü§∑‚Äç‚ôÇÔ∏è;5.505100250244141;0.792562153331306;2.472040248184342;t1_2_C;328.14567824799997;0.5333333333333333;4;1;8;1;75.71000000000001;2.0805999999999996
270;t1_2_C_Non_seq_12;CCC(C)n1nc(C2CCCN(C(=O)Cc3ccccc3F)C2)c2nccnc21;ü§∑‚Äç‚ôÇÔ∏è;5.503718376159668;0.6575648123260238;3.4068817468698587;t1_2_C;395.21213867200004;0.45454545454545453;5;0;5;4;63.910000000000004;3.885100000000003
152;t02_C_Non_seq_63;CC=CCN(Cc1ccc(OC)cc1)C(=O)c1ccc(C)c(NC(C)=O)c1;ü§∑‚Äç‚ôÇÔ∏è;5.503232002258301;0.748002866163471;2.1481265772226354;t02_C;366.194342692;0.2727272727272727;3;1;7;2;58.64;4.180520000000003
256;t07_C_Non_seq_82;CCc1nc(C)c(C(=O)N2CCN(c3ccccc3C(F)(F)F)CC2)s1;ü§∑‚Äç‚ôÇÔ∏è;5.49794864654541;0.8040550888762661;2.291464104848277;t07_C;383.12791791999996;0.4444444444444444;4;0;3;3;36.440000000000005;3.9951200000000036
230;t07_C_Non_seq_56;CCC(Oc1cccc(C(C)C)c1)C(=O)Nc1ccccc1N;ü§∑‚Äç‚ôÇÔ∏è;5.496245384216309;0.7861319051223897;2.411724093893193;t07_C;312.18377800800005;0.3157894736842105;3;2;6;2;64.35;4.188300000000002
131;t02_C_Non_seq_32;CCC(C)c1ccc(C(=O)N2CCC(C(=O)N3CCCCC3)CC2)cc1;ü§∑‚Äç‚ôÇÔ∏è;5.4958696365356445;0.8159788707976069;2.3855292339796943;t02_C;356.246378264;0.6363636363636364;2;0;4;3;40.620000000000005;4.0648000000000035
282;t1_2_C_Non_seq_24;CCSc1cc(NC(=O)CSc2cn(C)c3ccccc23)ccn1;ü§∑‚Äç‚ôÇÔ∏è;5.494563102722168;0.6636697659531122;2.3979879879365065;t1_2_C;357.0969542280001;0.2222222222222222;5;1;6;3;46.92;4.416100000000003
148;t02_C_Non_seq_57;CCc1cc(C)n(-c2ccc(C(=O)N3CCCC3c3ccncc3)cc2)n1;ü§∑‚Äç‚ôÇÔ∏è;5.4925689697265625;0.7032863205433274;2.721339091928977;t02_C;360.195011388;0.3181818181818182;4;0;4;4;51.02;4.115420000000003
104;t02_C_Non_seq_0;CCc1nc(C)c(C(=O)N2CCN(Cc3ccc(F)cc3)CC2)s1;ü§∑‚Äç‚ôÇÔ∏è;5.491448402404785;0.8526263162360991;2.0652104057999736;t02_C;347.14676154399996;0.4444444444444444;4;0;4;3;36.440000000000005;3.1110200000000017
315;t1_2_C_Non_seq_57;CCOC(=O)CCC(=O)NCC(c1cccc(C(F)(F)F)c1)N1CCOCC1;ü§∑‚Äç‚ôÇÔ∏è;5.48979377746582;0.6772232588470548;2.701515941025809;t1_2_C;402.17664194;0.5789473684210527;5;1;8;2;67.87;2.5382000000000007
304;t1_2_C_Non_seq_46;CCC(OC(=O)COc1ccc(C(N)=O)cc1)c1nc2ccccc2n1C(F)F;ü§∑‚Äç‚ôÇÔ∏è;5.486453056335449;0.5798756366731822;2.9337679924405844;t1_2_C;403.13436252800005;0.25;6;1;8;3;96.44;3.603600000000002
290;t1_2_C_Non_seq_32;CCOc1ccc2c(C3CCCN(C(=O)CCc4cn[nH]c4)C3)nn(C)c2c1;ü§∑‚Äç‚ôÇÔ∏è;5.481389999389648;0.7120423203527877;3.1228319831033895;t1_2_C;381.2164751040001;0.47619047619047616;5;1;6;4;76.03999999999999;3.033900000000001
6;Seq_6;NC1=CC=NC2=C1N=C(CC1=CC=C(C=C1)C#N)N2[C@@H]1O[C@H](CO)[C@@H](O)[C@H](O)[C@H]1O;ü§∑‚Äç‚ôÇÔ∏è;5.480878829956055;0.3776245590654632;3.945308181621038;Seq;411.1542687719999;0.35;10;5;4;4;170.67;-0.5516200000000002
281;t1_2_C_Non_seq_23;CCCC1CCc2nc(NC(=O)c3ccc(F)nc3)sc2C1;ü§∑‚Äç‚ôÇÔ∏è;5.474923133850098;0.871319478132163;2.9193626918423785;t1_2_C;319.11546141599996;0.4375;4;1;4;3;54.88;3.834500000000003
111;t02_C_Non_seq_7;CCc1cc(C)c(C(=O)Nc2ccc(C(=O)N(C)C)c(Cl)c2)c(=O)[nH]1;ü§∑‚Äç‚ôÇÔ∏è;5.458352088928223;0.8779857611019372;2.3432335553500074;t02_C;361.11931918;0.2777777777777778;3;2;4;2;82.27000000000001;2.853220000000001
201;t07_C_Non_seq_27;CC#CCNC(=O)c1ccc(NC(=O)CCc2nc(-c3cccnc3)no2)cc1;ü§∑‚Äç‚ôÇÔ∏è;5.4564056396484375;0.6008246154219518;2.384583053389358;t07_C;389.148789468;0.19047619047619047;6;2;7;3;110.01;2.4560000000000004
55;Seq_55;CC1=C(CN(CC2=CC=CC=C2)C2CCOCC2)C(=O)NC2=C1C=CC=C2;ü§∑‚Äç‚ôÇÔ∏è;5.456345558166504;0.7456260583671936;2.3136700708935223;Seq;362.199428072;0.34782608695652173;3;1;5;4;45.33;4.017720000000003
144;t02_C_Non_seq_51;CCC(C)c1noc(C2CCCN2C(=O)c2ccc(-n3ccnn3)cc2)n1;ü§∑‚Äç‚ôÇÔ∏è;5.455533981323242;0.6889554406356823;3.348770776065246;t02_C;366.18042394400004;0.42105263157894735;7;0;5;4;89.94;3.1411000000000016
325;t1_2_C_Non_seq_67;CCC1(CNC(=O)C2CCCCN2C(=O)CCc2ccncc2)CCCO1;ü§∑‚Äç‚ôÇÔ∏è;5.453047752380371;0.7969740882791879;3.396861308609626;t1_2_C;373.236541852;0.6666666666666666;4;1;7;3;71.53;2.4707
109;t02_C_Non_seq_5;CCC(C)c1nc(C2CCCN2C(=O)c2ccc(-n3ccnn3)cc2)no1;ü§∑‚Äç‚ôÇÔ∏è;5.449154853820801;0.6889554406356823;3.4116713677812225;t02_C;366.18042394400004;0.42105263157894735;7;0;5;4;89.94000000000001;3.1411000000000016
191;t07_C_Non_seq_17;CCC(C)c1ccc(NC(=O)c2ccc(S(=O)(=O)NC3CC3)o2)cc1;ü§∑‚Äç‚ôÇÔ∏è;5.4489288330078125;0.7890448045083206;2.65001651445386;t07_C;362.13002818399997;0.3888888888888889;4;2;7;3;88.41;3.486100000000002
343;t1_2_C_Non_seq_85;CC=CCOC(=O)COc1cnc2ccc(Br)cc2n1;ü§∑‚Äç‚ôÇÔ∏è;5.448419570922852;0.6201588961226367;2.5745522326384016;t1_2_C;336.01095437600003;0.21428571428571427;5;0;5;2;61.31;2.8904000000000014
210;t07_C_Non_seq_36;CCC(C)C(NC(=O)COc1ccccc1F)c1nnc2ccccn12;ü§∑‚Äç‚ôÇÔ∏è;5.443921089172363;0.7060572017134195;3.0494439502605335;t07_C;356.1648541320001;0.3157894736842105;5;1;7;3;68.52;3.150800000000002
299;t1_2_C_Non_seq_41;CCCCNC1=NN2C(=O)C=C(CN(c3ccccc3)CC2CC)NC1=O;ü§∑‚Äç‚ôÇÔ∏è;5.443886756896973;0.7766080715603751;4.377451469362228;t1_2_C;369.21647510400004;0.45;5;2;5;3;77.04;1.8306999999999998
68;Seq_68;CC1=NN(CC2=CC=C(F)C=C2)C2=C1C=C(O)C=C2;ü§∑‚Äç‚ôÇÔ∏è;5.439552307128906;0.764004462131149;1.9512335589091343;Seq;256.101191256;0.13333333333333333;3;1;2;3;38.05;3.237720000000002
133;t02_C_Non_seq_35;CC=CCNC(=O)c1ccccc1NC(=O)c1ccc(C)c(OC)c1;ü§∑‚Äç‚ôÇÔ∏è;5.438989639282227;0.7914877563857362;2.027388379033786;t02_C;338.16304256399997;0.2;3;2;6;2;67.43;3.5618200000000018
126;t02_C_Non_seq_25;CCC(C)c1ccc(C(=O)N2CCN(C(=O)c3ccc(F)cc3)CC2)cc1;ü§∑‚Äç‚ôÇÔ∏è;5.432141304016113;0.8202042555777698;2.2580144578585966;t02_C;368.19000626;0.36363636363636365;2;0;4;3;40.620000000000005;3.937400000000004
329;t1_2_C_Non_seq_71;CCCSc1ccc(NC(=O)c2cnc(N3CCCC3)nc2)cn1;ü§∑‚Äç‚ôÇÔ∏è;5.431286811828613;0.8121416398589381;2.329453023770238;t1_2_C;343.14668129200004;0.4117647058823529;6;1;6;3;71.01;3.2262000000000013
42;Seq_42;CC1=CC2=C(C=C1)N(C[C@H](O)[C@H](O)[C@H](O)CO)C1=NC(=O)NC(=O)C1=N2;ü§∑‚Äç‚ôÇÔ∏è;5.429052352905273;0.3245720335108397;3.7111656421366153;Seq;362.122634296;0.375;9;5;5;3;161.56;-2.0319799999999995
140;t02_C_Non_seq_47;CCc1ccc(C(=O)N2CCC(c3nc(-c4ccccc4)no3)CC2)cc1;ü§∑‚Äç‚ôÇÔ∏è;5.415151596069336;0.6943311654574326;1.984497918994789;t02_C;361.179026976;0.3181818181818182;4;0;4;4;59.230000000000004;4.318800000000003
123;t02_C_Non_seq_22;CCc1cc(C)n(-c2ccc(C(=O)Nc3ccc(C(N)=O)c(Cl)c3)cc2)n1;ü§∑‚Äç‚ôÇÔ∏è;5.414902687072754;0.7036894884756825;2.1045905772226376;t02_C;382.119653528;0.15;4;2;5;3;90.01;3.747720000000001
174;t07_C_Non_seq_0;CC#CCNC(=O)C1CCN(c2cc(C)nc3ncnn23)CC1;ü§∑‚Äç‚ôÇÔ∏è;5.413449287414551;0.8481423853718769;2.7958544582885185;t07_C;312.16985926;0.5;6;1;3;3;75.42;0.7886199999999997
32;Seq_32;NC(=O)C1=CN(C=CC1)S(=O)(=O)C1=CC=CC(=C1)C(F)(F)F;ü§∑‚Äç‚ôÇÔ∏è;5.413368225097656;0.9189339244435913;2.9881129269390385;Seq;332.044247872;0.15384615384615385;3;1;3;2;80.47;1.9827000000000001
30;Seq_30;CC1=C(C=C(Cl)C=C1)C(=O)NC1=CC=C(I)C2=C1C=CC(C)=C2;ü§∑‚Äç‚ôÇÔ∏è;5.408945083618164;0.493927862116361;2.067493138358449;Seq;434.98868978;0.10526315789473684;1;1;2;3;29.1;5.966940000000003
295;t1_2_C_Non_seq_37;CCCCC(=O)NCC(=O)NCc1cccc(OC(F)F)c1;ü§∑‚Äç‚ôÇÔ∏è;5.407375335693359;0.7341841884333983;1.9581959927479176;t1_2_C;314.14419894;0.4666666666666667;3;2;9;1;67.43;2.2105999999999995
145;t02_C_Non_seq_52;CCC(C)c1ccc(C(=O)Nc2ccc(N3CCNC(=O)C3)nc2)cc1;ü§∑‚Äç‚ôÇÔ∏è;5.40383243560791;0.8676909752300288;2.6292159283663867;t02_C;352.189926008;0.35;4;2;5;3;74.33000000000001;2.7836000000000007
328;t1_2_C_Non_seq_70;CCCOc1ccc(C(=O)NCCn2cnc(CC)c2C)cc1;ü§∑‚Äç‚ôÇÔ∏è;5.401582717895508;0.81457068200761;2.1874088853998686;t1_2_C;315.19467704;0.4444444444444444;4;1;8;2;56.15;2.9727200000000016
198;t07_C_Non_seq_24;CCOC(=O)c1ccccc1OCCn1nc(-c2cccs2)oc1=O;ü§∑‚Äç‚ôÇÔ∏è;5.397899627685547;0.6025967056049933;2.2737339284843348;t07_C;360.077992612;0.23529411764705882;8;0;7;3;83.56;2.820500000000001
183;t07_C_Non_seq_9;CC#CCNC(=O)N1CCN(Cc2csc(-c3cnn(C)c3)n2)CC1;ü§∑‚Äç‚ôÇÔ∏è;5.396060943603516;0.8391772466623729;2.738085851561257;t07_C;358.15758032400004;0.47058823529411764;6;1;4;3;66.29;1.3940999999999997
272;t1_2_C_Non_seq_14;CCC(C)(C)NS(=O)(=O)c1ccc(CNC(=O)N2CCOCC2)cc1;ü§∑‚Äç‚ôÇÔ∏è;5.390120506286621;0.79880724368518;2.228550232832161;t1_2_C;369.172227344;0.5882352941176471;4;2;6;2;87.74000000000001;1.6952999999999998
82;Seq_82;NC1=CC(C(=O)NC2=C(Cl)C=CC=C2)=C(O)C(C1)=NC(=O)C1=CC=C(Cl)C=C1;ü§∑‚Äç‚ôÇÔ∏è;5.386876106262207;0.6950289119916943;2.8738536985088174;Seq;415.0490467;0.05;4;3;3;3;104.78;4.271700000000002
306;t1_2_C_Non_seq_48;CCCC(NCc1cc(C#N)ccc1C)c1cn2ccccc2n1;ü§∑‚Äç‚ôÇÔ∏è;5.380255699157715;0.7427316886157803;3.042301092300682;t1_2_C;318.18444670400004;0.3;4;1;6;3;53.120000000000005;4.145400000000003
162;t02_C_Non_seq_79;CCc1ccc(NC(=O)c2ccc(S(=O)(=O)N3CCCC3)cc2)cc1;ü§∑‚Äç‚ôÇÔ∏è;5.378862380981445;0.8918106963966008;1.6932072491777248;t02_C;358.135113564;0.3157894736842105;3;1;5;3;66.48;3.285800000000002
166;t02_C_Non_seq_83;CCc1cc(C)c(C(=O)Nc2ccc(C(N)=O)c(Cl)c2)c(=O)[nH]1;ü§∑‚Äç‚ôÇÔ∏è;5.378334999084473;0.7985899153229833;2.3032516836438077;t02_C;333.088019052;0.1875;3;3;4;2;105.04999999999998;2.25032
279;t1_2_C_Non_seq_21;CCOC1(c2ccccc2Cl)CCN(c2cnn(C)c(=O)c2Cl)CC1;ü§∑‚Äç‚ôÇÔ∏è;5.37101936340332;0.8106096491252651;2.7964136537590587;t1_2_C;381.101082272;0.4444444444444444;5;0;4;3;47.36;3.6193000000000026
331;t1_2_C_Non_seq_73;CCCc1ccccc1OCCCC(=O)Nc1ccncc1-n1cccn1;ü§∑‚Äç‚ôÇÔ∏è;5.369956970214844;0.5824148488956356;2.304075913152529;t1_2_C;364.18992600800004;0.2857142857142857;5;1;9;3;69.03999999999999;4.017500000000003
320;t1_2_C_Non_seq_62;CCCOC(C)C(=O)NC(CC)C(=O)NC(C)C(=O)NCc1ccco1;ü§∑‚Äç‚ôÇÔ∏è;5.367130279541016;0.5427104615191106;3.221360875072693;t1_2_C;367.210721028;0.6111111111111112;5;3;11;1;109.67;1.1104000000000012
169;t02_C_Non_seq_88;CCc1cc(C)n(CC(=O)Nc2ccc(C(=O)N(C)C)c(Cl)c2)n1;ü§∑‚Äç‚ôÇÔ∏è;5.362492561340332;0.9029878374785834;2.1995490170077705;t02_C;348.135303592;0.35294117647058826;4;1;5;2;67.23;2.747820000000001
337;t1_2_C_Non_seq_79;CCC(CNC(=O)c1ccc(-n2ccnn2)cc1)c1nc(-c2ccccc2)no1;ü§∑‚Äç‚ôÇÔ∏è;5.352773666381836;0.5217819971706776;2.9042387616713548;t1_2_C;388.16477388;0.19047619047619047;7;1;7;4;98.73;3.2409000000000017
124;t02_C_Non_seq_23;CCc1ccc(C(=O)N2CCC(C(N)=O)c3ccccc32)cc1;ü§∑‚Äç‚ôÇÔ∏è;5.352216720581055;0.9473383254433718;2.5313760983310623;t02_C;308.15247788;0.2631578947368421;2;1;3;3;63.4;2.868400000000001
93;Seq_93;CC1=C(C)N(C(=O)C2=CC=C(Cl)C=C2)C1=O;ü§∑‚Äç‚ôÇÔ∏è;5.351956367492676;0.7020385947432919;2.2826973125576355;Seq;235.04000624;0.16666666666666666;2;0;1;2;37.38;2.6163000000000007
151;t02_C_Non_seq_62;CCc1ccc(C(=O)N2CCCC2)cc1NC(=O)c1ccc(F)cc1;ü§∑‚Äç‚ôÇÔ∏è;5.349638938903809;0.918219775842334;1.7925933813554096;t02_C;340.158706132;0.3;2;1;4;3;49.410000000000004;3.876400000000003
143;t02_C_Non_seq_50;CCc1ccc(C(=O)Nc2ccc(C(=O)N(C)C)c(C)c2)cc1;ü§∑‚Äç‚ôÇÔ∏è;5.348442077636719;0.9391798684614459;1.7311177949518548;t02_C;310.168127944;0.2631578947368421;2;1;4;2;49.410000000000004;3.5115200000000026
70;Seq_70;CC(C)CCC[C@@H](C)CCC[C@@H](C)CCC[C@]1(C)CCC2=C(C)C(OC(=O)CCC(O)=O)=C(C)C(C)=C2O1;ü§∑‚Äç‚ôÇÔ∏è;5.3468427658081055;0.17056346048137425;3.926564065409633;Seq;530.3971248279998;0.7575757575757576;4;1;16;2;72.83;8.904860000000005
194;t07_C_Non_seq_20;CCn1c(C(=O)N2CCCC2c2ccc[nH]2)cc2ccccc21;ü§∑‚Äç‚ôÇÔ∏è;5.345273017883301;0.7813607599473077;2.8946612135832055;t07_C;307.168462292;0.3157894736842105;2;1;3;4;41.03;3.9666000000000032
94;Seq_94;NC(=O)C1=CN(C=CC1)[C@@H]1C[C@H](C1)NC(=O)C1=C2N=CN=C2N=C1C1=CC=C(Cl)C=C1;ü§∑‚Äç‚ôÇÔ∏è;5.3446760177612305;0.7390887465242462;3.6601729343716283;Seq;434.12580152800007;0.22727272727272727;6;2;5;5;112.51;2.073
105;t02_C_Non_seq_1;CCc1ccc(C(=O)Nc2ccc(C(=O)N3CCCCC3)cc2)cc1;ü§∑‚Äç‚ôÇÔ∏è;5.344350814819336;0.9125563221954873;1.6220435438689478;t02_C;336.183778008;0.3333333333333333;2;1;4;3;49.410000000000004;4.127400000000003
107;t02_C_Non_seq_3;CCc1cc(C)n(CC(=O)Nc2ccc(C(=O)N3CCCCC3)cc2)n1;ü§∑‚Äç‚ôÇÔ∏è;5.343745231628418;0.8973814561681188;2.04652075765493;t02_C;354.205576072;0.45;4;1;5;3;67.23;3.018720000000002
207;t07_C_Non_seq_33;CC#Cc1cccc(NC(=O)C2CC(=O)N(C(C)c3ccccc3)C2)c1;ü§∑‚Äç‚ôÇÔ∏è;5.33653450012207;0.8600382720991351;2.99331837853496;t07_C;346.168127944;0.2727272727272727;2;1;4;3;49.410000000000004;3.606200000000003
318;t1_2_C_Non_seq_60;CCC(=O)c1c(Cl)cccc1OCC(=O)Nc1cc(C)nn1C;ü§∑‚Äç‚ôÇÔ∏è;5.333914756774902;0.8235239943591188;2.32235295978702;t1_2_C;335.10366911600005;0.3125;5;1;6;2;73.22;2.992120000000001
250;t07_C_Non_seq_76;CCC(C)c1nc2c(NC(=O)c3cccc(F)c3)cccn2n1;ü§∑‚Äç‚ôÇÔ∏è;5.333501815795898;0.7999567794886676;2.753802843893194;t07_C;312.13863938400004;0.23529411764705882;4;1;4;3;59.290000000000006;3.6342000000000017
186;t07_C_Non_seq_12;CCc1ccc(NC(=O)COc2ccc(C)c(C)c2)c(N)c1;ü§∑‚Äç‚ôÇÔ∏è;5.332972526550293;0.8307766338633021;1.8372895614742717;t07_C;298.168127944;0.2777777777777778;3;2;5;2;64.35;3.4655400000000016
135;t02_C_Non_seq_40;CCc1cc(C)c(C(=O)Nc2ccc(C(=O)NC3CC3)cc2)c(=O)[nH]1;ü§∑‚Äç‚ôÇÔ∏è;5.332878112792969;0.7809746139318763;2.1657569217953707;t02_C;339.158291532;0.3157894736842105;3;3;5;3;91.06;2.3902200000000002
40;Seq_40;NC(=O)C1=CN(C=CC1)[C@H]1C[C@H](C1)NC(=O)C1=NN(CC2=CC=CC=C2)C(=O)N1;ü§∑‚Äç‚ôÇÔ∏è;5.3264875411987305;0.6565244789601016;3.275537904635673;Seq;394.175338564;0.3;6;3;6;4;126.10999999999999;0.4690999999999999
220;t07_C_Non_seq_46;CCc1cc(C)n(CC(=O)NCCCc2nc(C(C)C)no2)n1;ü§∑‚Äç‚ôÇÔ∏è;5.325466156005859;0.7522323841813863;2.5248965037430633;t07_C;319.20082504000004;0.625;6;1;8;2;85.84;2.0093199999999998
69;Seq_69;NC1=C2N=CN([C@H]3O[C@H](CO)[C@@H](O)[C@H](O)[C@H]3O)C2=NC(Cl)=N1;ü§∑‚Äç‚ôÇÔ∏è;5.325274467468262;0.393247459136635;3.822179703871802;Seq;331.06834622800005;0.5454545454545454;10;5;2;3;159.76999999999998;-1.9656999999999996
216;t07_C_Non_seq_42;CCCOC(=O)C(NC(=O)c1ccc(OC)cc1)c1ccccc1;ü§∑‚Äç‚ôÇÔ∏è;5.313904762268066;0.7936831578693673;2.2226297663120924;t07_C;327.147058152;0.2631578947368421;4;1;7;2;64.63;3.119500000000002
301;t1_2_C_Non_seq_43;CCN(C)C(=O)CN(Cc1cc(=O)n(-c2ncccn2)c2ccc(F)cc12)C1CC1;ü§∑‚Äç‚ôÇÔ∏è;5.313390731811523;0.5991770379449459;2.7714361206502787;t1_2_C;409.191403228;0.36363636363636365;6;0;7;4;71.33000000000001;2.3625
258;t1_2_C_Non_seq_0;CCNS(=O)(=O)c1ccc(NCc2cn3c(C)cc(C)nc3n2)cc1;ü§∑‚Äç‚ôÇÔ∏è;5.311183929443359;0.7046921094001816;2.4579642032096096;t1_2_C;359.14159591200007;0.29411764705882354;6;2;6;3;88.39;2.2564399999999996
243;t07_C_Non_seq_69;CCOc1ccc(C(=O)N2CCC(Oc3cccnn3)CC2)cc1OC;ü§∑‚Äç‚ôÇÔ∏è;5.310661315917969;0.7910351893501125;2.248730412540583;t07_C;357.168856216;0.42105263157894735;6;0;6;3;73.78;2.567500000000001
153;t02_C_Non_seq_64;CCC(C)c1nnc(NC(=O)c2ccc(-c3ccccc3)cc2)s1;ü§∑‚Äç‚ôÇÔ∏è;5.309043884277344;0.714838500084925;2.383113801330781;t02_C;337.124883228;0.21052631578947367;4;1;5;3;54.88;4.970900000000003
294;t1_2_C_Non_seq_36;CCc1ccc(C(=O)CCC(=O)NCc2ccccc2)cc1C;ü§∑‚Äç‚ôÇÔ∏è;5.302090644836426;0.7899579346482877;1.7922566960507567;t1_2_C;309.17287897600005;0.3;2;1;7;2;46.17;3.8367200000000024
199;t07_C_Non_seq_25;CCCOc1ccc(S(=O)(=O)N(C)C(C#N)CC)cc1C;ü§∑‚Äç‚ôÇÔ∏è;5.295981407165527;0.7761010221736858;2.9509642737691113;t07_C;310.135113564;0.5333333333333333;4;0;7;1;70.4;2.706500000000001
196;t07_C_Non_seq_22;CCn1cc(CCNC(=O)C2Cc3cc(Cl)ccc3O2)cn1;ü§∑‚Äç‚ôÇÔ∏è;5.294008255004883;0.9190758066236415;2.7832637907434776;t07_C;319.108754496;0.375;4;1;5;3;56.150000000000006;2.2188
265;t1_2_C_Non_seq_7;CCC(CCc1ccsc1)NC1CCN(C(=O)Cn2ccccc2=O)CC1;ü§∑‚Äç‚ôÇÔ∏è;5.293896675109863;0.7577431086517984;2.9864325830532383;t1_2_C;387.198048168;0.5238095238095238;5;1;8;3;54.34;2.9018000000000015
178;t07_C_Non_seq_4;CCc1n[nH]c(C)c1NC(=O)c1ccc(C(=O)Nc2ccccc2)cc1;ü§∑‚Äç‚ôÇÔ∏è;5.289743423461914;0.6555328499388272;2.0153687826029536;t07_C;348.15862588;0.15;3;3;5;3;86.88;3.785120000000002
83;Seq_83;CC1=C(NC2CCCCC2)C2=CC(=CC=C2C1=O)S(N)(=O)=O;ü§∑‚Äç‚ôÇÔ∏è;5.28946590423584;0.8930833438191453;2.494793470679822;Seq;320.11946349999994;0.4375;4;2;3;3;89.25999999999999;2.1836
48;Seq_48;NC1=C2N=CN([C@@H]3O[C@H](CO)[C@@H](O)[C@H](O)[C@H]3O)C2=NC(Cl)=N1;ü§∑‚Äç‚ôÇÔ∏è;5.284664154052734;0.393247459136635;3.822179703871802;Seq;331.06834622800005;0.5454545454545454;10;5;2;3;159.76999999999998;-1.9656999999999996
253;t07_C_Non_seq_79;CCOc1ccc(-c2csc(NC(=O)C3CC3)n2)cc1OC;ü§∑‚Äç‚ôÇÔ∏è;5.284461975097656;0.8843520692423037;1.9113479229435821;t07_C;318.103813436;0.375;5;1;6;3;60.45;3.565900000000002
278;t1_2_C_Non_seq_20;CCc1nn(CCO)cc1C(=O)OCc1nnc(-c2ccccc2)o1;ü§∑‚Äç‚ôÇÔ∏è;5.279810905456543;0.6534390177936356;2.465214697715103;t1_2_C;342.13280505599994;0.29411764705882354;8;1;7;3;103.27;1.8448
209;t07_C_Non_seq_35;CCOc1cccc(CN2CCN(C(=O)c3cc(C4CC4)on3)CC2)c1;ü§∑‚Äç‚ôÇÔ∏è;5.277661323547363;0.7973617673152514;2.213561181771354;t07_C;355.18959166;0.5;5;0;6;4;58.81;2.9087000000000014
341;t1_2_C_Non_seq_83;CCCCc1ncc(C(=O)NCc2ccc3ocnc3c2)s1;ü§∑‚Äç‚ôÇÔ∏è;5.274001121520996;0.7549843645163397;2.55995076103291;t1_2_C;315.104147784;0.3125;5;1;6;3;68.02000000000001;3.5569000000000024
285;t1_2_C_Non_seq_27;CCCOC(C)c1nc(C(=O)NCCNC(=O)c2ccc(Cl)cc2)cs1;ü§∑‚Äç‚ôÇÔ∏è;5.269891738891602;0.6371077672906686;2.7197201262418176;t1_2_C;395.10704024399996;0.3888888888888889;5;2;9;2;80.32;3.443900000000002
229;t07_C_Non_seq_55;CCCC(CC)c1nnc(NC(=O)C2CC(=O)N(C(C)C)C2)s1;ü§∑‚Äç‚ôÇÔ∏è;5.265392303466797;0.8289896193343104;3.329540631157103;t07_C;338.17764707199996;0.75;5;1;7;2;75.19;3.0272000000000014
217;t07_C_Non_seq_43;CCC(C)NC(=O)CSc1nnc(-c2ccccc2Cl)n1N;ü§∑‚Äç‚ôÇÔ∏è;5.265195846557617;0.6227796174157479;2.576086957740415;t07_C;339.092058876;0.35714285714285715;6;2;6;2;85.83;2.3190999999999997
275;t1_2_C_Non_seq_17;CCCC(=O)NC(C)C(=O)N1CCCCCC1c1ccncc1;ü§∑‚Äç‚ôÇÔ∏è;5.264854431152344;0.9080863440261197;2.872313817970289;t1_2_C;317.21032710400004;0.6111111111111112;3;1;5;2;62.300000000000004;2.8301000000000007
9;Seq_9;CC(C)CCC[C@@H](C)CCC[C@@H](C)CCC[C@]1(C)CCC2=C(O1)C1=CC(Cl)=CC=C1C2=O;ü§∑‚Äç‚ôÇÔ∏è;5.262563705444336;0.3115383955437039;3.8605932947791652;Seq;458.29515829599995;0.6896551724137931;2;0;12;3;26.3;9.255600000000001
271;t1_2_C_Non_seq_13;CCCN(Cc1cnn(C)c1)C(=O)NCc1cn[nH]c1-c1ccc(F)cc1F;ü§∑‚Äç‚ôÇÔ∏è;5.260516166687012;0.6523664971375706;2.637405207759061;t1_2_C;388.18231576399995;0.3157894736842105;4;2;7;3;78.84;3.2102000000000013
72;Seq_72;NC1=C2N=CN([C@@H]3O[C@H](CO)[C@@H](O)[C@H]3O)C2=NC(Cl)=N1;ü§∑‚Äç‚ôÇÔ∏è;5.257362365722656;0.5004163603589038;3.6703822349615907;Seq;301.057781544;0.5;9;4;2;3;139.54000000000002;-1.3266
170;t02_C_Non_seq_92;CCc1ccc(C(=O)N2CCC(C(=O)N3CCC(C)CC3)CC2)cc1;ü§∑‚Äç‚ôÇÔ∏è;5.24632453918457;0.844984967607418;1.906765645710772;t02_C;342.2307282;0.6190476190476191;2;0;3;3;40.620000000000005;3.359700000000002
85;Seq_85;CC1=CC2=C(NC(=O)CN=C2C2=CC=CC=C2Cl)C=C1C(=O)NC1=CC=CC=C1;ü§∑‚Äç‚ôÇÔ∏è;5.241336822509766;0.6655342088169893;2.3251657556268785;Seq;403.108754496;0.08695652173913043;3;2;3;4;70.56;4.690220000000003
303;t1_2_C_Non_seq_45;CC=CCNc1nnc(SCc2nc(C)c(C)o2)s1;ü§∑‚Äç‚ôÇÔ∏è;5.2332258224487305;0.6506575640947543;2.9428181742937483;t1_2_C;296.07655313199996;0.4166666666666667;7;1;6;2;63.84;3.4232400000000016
215;t07_C_Non_seq_41;CCN(C)C(=O)c1cccc(OC(=O)CCc2ccsc2)c1;ü§∑‚Äç‚ôÇÔ∏è;5.232959747314453;0.605958037302568;2.1905757145068563;t07_C;317.108564468;0.29411764705882354;4;0;6;2;46.61;3.3782000000000023
300;t1_2_C_Non_seq_42;CCOc1ccc(C(=O)N2CCN(C(=O)c3ccccc3C)CC2)cc1;ü§∑‚Äç‚ôÇÔ∏è;5.23090934753418;0.8499174622991481;1.7195101547443272;t1_2_C;352.178692628;0.3333333333333333;3;0;4;3;49.85;2.9919200000000012
112;t02_C_Non_seq_8;CCc1cc(C)n(-c2ccc(C(=O)N3CCC(C(N)=O)CC3)cc2)n1;ü§∑‚Äç‚ôÇÔ∏è;5.230378150939941;0.9250390520202053;2.1501266207920278;t02_C;340.189926008;0.42105263157894735;4;1;4;3;81.22000000000001;2.08062
312;t1_2_C_Non_seq_54;CCCC(C(=O)Nc1cc(-c2ncco2)ccc1C)c1c(C)noc1C;ü§∑‚Äç‚ôÇÔ∏è;5.226504325866699;0.6896712924126188;3.1161943095927143;t1_2_C;353.173941596;0.35;5;1;6;3;81.16000000000001;4.777260000000004
261;t1_2_C_Non_seq_3;CCOC(=O)C1CCCN1C(=O)Nc1cnc(-c2ccccc2)nc1;ü§∑‚Äç‚ôÇÔ∏è;5.221076965332031;0.8651965092624283;2.555854307096002;t1_2_C;340.1535405;0.3333333333333333;5;1;4;3;84.42;2.703000000000001
121;t02_C_Non_seq_20;CCC(C)c1nc(C(=O)N2CCC(c3ccc4c(c3)OCO4)C(O)C2)cs1;ü§∑‚Äç‚ôÇÔ∏è;5.219715118408203;0.8693938200521779;3.5286385971832326;t02_C;388.14567824799997;0.5;6;1;4;4;71.89000000000001;3.3759000000000023
119;t02_C_Non_seq_17;CCc1ccc(C(=O)N2CCC(C(=O)N3CCCCC3)CC2)cc1;ü§∑‚Äç‚ôÇÔ∏è;5.218663215637207;0.8552348268432097;1.8103552120167752;t02_C;328.215078136;0.6;2;0;3;3;40.620000000000005;3.1137000000000015
238;t07_C_Non_seq_64;CCCOc1ccc(Br)c(CC(=O)N2CCCC2C(N)=O)c1;ü§∑‚Äç‚ôÇÔ∏è;5.218341827392578;0.8361530328395119;2.6145202490392805;t07_C;368.073554632;0.5;3;1;6;2;72.63;2.2567000000000004
293;t1_2_C_Non_seq_35;CCc1ccc(N)c(C)c1NC(=O)CCCNC(C)=O;ü§∑‚Äç‚ôÇÔ∏è;5.217731475830078;0.5489672792339214;2.19697989795554;t1_2_C;277.179026976;0.4666666666666667;3;3;6;1;84.22;1.9944199999999999
118;t02_C_Non_seq_16;CCc1cc(C)n(-c2ccc(C(=O)N3CCC(C(N)=O)C3)cc2)n1;ü§∑‚Äç‚ôÇÔ∏è;5.216615676879883;0.9281022396777064;2.6018975281814782;t02_C;326.174275944;0.3888888888888889;4;1;4;3;81.22000000000001;1.69052
3;Seq_3;NC(=O)C1=CN(C=CC1)[C@@H]1C[C@H](C1)NC(=O)C1=NC2=CC=CC=C2N1;ü§∑‚Äç‚ôÇÔ∏è;5.2159576416015625;0.7844418664598971;3.048667704215646;Seq;337.15387484800004;0.2777777777777778;4;3;4;4;104.11000000000001;1.4122999999999994
242;t07_C_Non_seq_68;CCc1cc(C(C)NC(=O)c2cccc(N3CCOC3=O)c2)c(C)o1;ü§∑‚Äç‚ôÇÔ∏è;5.212773323059082;0.9010473122268715;2.8949250763267713;t07_C;342.15795718399994;0.3684210526315789;4;1;5;3;71.78;3.5980200000000018
234;t07_C_Non_seq_60;CCc1cc(C)n(-c2ccc(NC(=O)NCC(=O)N3CCCCC3)cn2)n1;ü§∑‚Äç‚ôÇÔ∏è;5.204254150390625;0.8444557523301488;2.372060027772088;t07_C;370.21172407200004;0.47368421052631576;5;2;5;3;92.15;2.27212
16;Seq_16;CC1=C(C(=O)NC2=CC(Cl)=CC=C2)C2(O1)C=CC=C2;ü§∑‚Äç‚ôÇÔ∏è;5.1990509033203125;0.8962428031595803;3.395393040084903;Seq;273.05565630399997;0.13333333333333333;2;1;2;3;38.33;3.4475000000000016
311;t1_2_C_Non_seq_53;CCCCNC(=O)COc1cccc(C(=O)NCc2cccs2)c1;ü§∑‚Äç‚ôÇÔ∏è;5.196270942687988;0.6860827175840158;1.8999017003110872;t1_2_C;346.13511356400005;0.3333333333333333;4;2;9;2;67.42999999999999;2.973200000000001
81;Seq_81;NC(=O)C1=CN(C=CC1)[C@@H]1C[C@H](C1)NC(=O)C1=NC(=O)N(C1)C1=CC(F)=CC=C1;ü§∑‚Äç‚ôÇÔ∏è;5.195154190063477;0.7837408915479886;3.4289367163930207;Seq;397.15501772;0.3;4;2;5;4;108.10000000000001;1.4424999999999994
113;t02_C_Non_seq_9;CCc1cc(C)cc(C(=O)Nc2ccc(C(=O)NC3CC3)cc2)c1;ü§∑‚Äç‚ôÇÔ∏è;5.193777084350586;0.8815693453032544;1.7780594400405345;t02_C;322.168127944;0.3;2;2;5;3;58.2;3.701920000000002
117;t02_C_Non_seq_15;CCC(C)C(C)NC(=O)c1ccc(NC(=O)c2ccc(F)cc2)cc1;ü§∑‚Äç‚ôÇÔ∏è;5.187085151672363;0.8246826044484262;2.45647932799584;t02_C;342.174356196;0.3;2;2;6;2;58.2;4.242400000000003
327;t1_2_C_Non_seq_69;CC=CCNC(=O)NCc1cc(Br)cs1;ü§∑‚Äç‚ôÇÔ∏è;5.182721138000488;0.822171221477037;2.661443008913807;t1_2_C;287.99319613600005;0.3;2;2;4;1;41.13;2.8859000000000004
291;t1_2_C_Non_seq_33;CCC1CC(n2cnc3ccccc32)c2ccccc2N1C(=O)C1CCN(C)C(=O)C1;ü§∑‚Äç‚ôÇÔ∏è;5.180483818054199;0.6482420774799736;3.645446059788564;t1_2_C;416.221226136;0.4;4;0;3;5;58.440000000000005;4.009400000000003
197;t07_C_Non_seq_23;CCCC(C)C(=O)N1CCN(S(=O)(=O)c2ccc(C)cc2F)CC1;ü§∑‚Äç‚ôÇÔ∏è;5.174952507019043;0.8139822599079649;2.5991266441401475;t07_C;356.15699188;0.5882352941176471;3;0;5;2;57.690000000000005;2.403220000000001
266;t1_2_C_Non_seq_8;CCC#CCCOc1ccc(CNc2cnn(-c3ccccc3Cl)c2)cc1;ü§∑‚Äç‚ôÇÔ∏è;5.174680709838867;0.4457113883599362;2.464973478877944;t1_2_C;379.145140004;0.22727272727272727;4;1;7;3;39.08;5.3201000000000045
257;t07_C_Non_seq_83;CCC(C)Oc1ccc(C(C)NC(=O)c2ccc3c(c2)OCC(=O)N3)cc1;ü§∑‚Äç‚ôÇÔ∏è;5.1677446365356445;0.8153165957622409;2.931836363109783;t07_C;368.173607248;0.3333333333333333;4;2;6;3;76.66;3.6858000000000013
246;t07_C_Non_seq_72;CCOc1ccc(-n2nnc(C(=O)NCc3ccc(Cl)cc3)c2C)cc1;ü§∑‚Äç‚ôÇÔ∏è;5.1667070388793945;0.7199291935542564;1.9598494478836184;t07_C;370.119653528;0.21052631578947367;5;1;6;3;69.03999999999999;3.557820000000002
319;t1_2_C_Non_seq_61;CCc1nc2cc(C(=O)NCCn3cc(-c4cncnc4)nn3)ccc2o1;ü§∑‚Äç‚ôÇÔ∏è;5.1634111404418945;0.5563632753611532;2.6227775684592487;t1_2_C;363.14437278400004;0.2222222222222222;8;1;6;4;111.62;1.8687
164;t02_C_Non_seq_81;CCc1cc(C)n(CC(=O)N2CCCC2c2noc(C3CC3)n2)n1;ü§∑‚Äç‚ôÇÔ∏è;5.162240982055664;0.8414743590352014;3.1488336124659373;t02_C;329.18517497600004;0.6470588235294118;6;0;5;4;77.05;2.3780200000000002
165;t02_C_Non_seq_82;CCc1ccc(C(=O)N2CCN(Cc3ccc(C)s3)CC2)c(=O)[nH]1;ü§∑‚Äç‚ôÇÔ∏è;5.157320976257324;0.924733277841132;2.3984669668859464;t02_C;345.151097976;0.4444444444444444;4;1;4;3;56.410000000000004;2.2652200000000002
61;Seq_61;CC(C)C1=C(O)C2=C(S1)C=C(CC1=CC=CC=C1)N2C;ü§∑‚Äç‚ôÇÔ∏è;5.153402328491211;0.7436156092695281;2.7129155206661633;Seq;285.11873522800005;0.29411764705882354;3;1;3;3;25.16;4.659600000000004
102;Seq_102;NC1=C2N=CN([C@H]3C[C@H](O)[C@@H](CO)O3)C2=NC2=C1C=C(OC(F)(F)F)C=C2;ü§∑‚Äç‚ôÇÔ∏è;5.14932918548584;0.6295115082760607;3.7174625652152002;Seq;384.10453961999997;0.375;8;3;3;4;115.65;1.7060000000000004
240;t07_C_Non_seq_66;CC=CCNC(=O)c1c(-c2c(F)cccc2Cl)noc1C;ü§∑‚Äç‚ôÇÔ∏è;5.146127700805664;0.8752095588463645;2.5180868565064394;t07_C;308.072783588;0.2;3;1;4;2;55.13;3.748420000000003
125;t02_C_Non_seq_24;CCOc1ccc(C(=O)N2CCN(Cc3ccc(C)s3)CC2)cc1;ü§∑‚Äç‚ôÇÔ∏è;5.131730079650879;0.833170908225253;1.9178234394415234;t02_C;344.155849008;0.42105263157894735;4;0;5;3;32.78;3.4132200000000026
12;Seq_12;CC1=CC=C(C=C1)C(=O)NC1=C(O)C2=CC(Cl)=CC=C2C2=CC=CC=C12;ü§∑‚Äç‚ôÇÔ∏è;5.131329536437988;0.34403419392301127;1.9747621297963;Seq;361.08695643199997;0.045454545454545456;2;2;2;4;49.33;5.912720000000004
158;t02_C_Non_seq_73;CCc1cc(C)n(CC(=O)N2CCC(C(=O)N3CCCCCC3)CC2)n1;ü§∑‚Äç‚ôÇÔ∏è;5.130579948425293;0.8283461980223242;2.2735939385281085;t02_C;360.252526264;0.75;4;0;4;3;58.440000000000005;2.3951200000000004
157;t02_C_Non_seq_72;CCC(C)c1ccc(C(=O)Nc2ccc(C(=O)N3CCCC3)cc2)cc1;ü§∑‚Äç‚ôÇÔ∏è;5.128503799438477;0.8503910772412333;2.1767348472853065;t02_C;350.199428072;0.36363636363636365;2;1;5;3;49.410000000000004;4.688400000000004
187;t07_C_Non_seq_13;CCOc1cc(C)ccc1OCCC(=O)N1CCN(c2nccs2)CC1;ü§∑‚Äç‚ôÇÔ∏è;5.126223564147949;0.7446906606337127;2.1842534894636607;t07_C;375.16166266000005;0.47368421052631576;6;0;7;3;54.900000000000006;2.9679200000000012
262;t1_2_C_Non_seq_4;CCCC(=O)Nc1ccc(CNc2ccc(Br)cc2F)cc1;ü§∑‚Äç‚ôÇÔ∏è;5.125809669494629;0.7615024180747197;1.8053310494944483;t1_2_C;364.058653516;0.23529411764705882;2;2;6;2;41.13;4.938900000000003
127;t02_C_Non_seq_26;CCCC(C)NC(=O)c1ccc(NC(=O)c2ccc(OC)cc2)cc1;ü§∑‚Äç‚ôÇÔ∏è;5.124314308166504;0.8039436616430539;2.0659123290740222;t02_C;340.178692628;0.3;3;2;7;2;67.43;3.8659000000000017
190;t07_C_Non_seq_16;CCC(C)C(=O)N1CCC(C(=O)Nc2nc3c(s2)CCc2ccccc2-3)CC1;ü§∑‚Äç‚ôÇÔ∏è;5.110584259033203;0.8436451098412595;2.8169269617358683;t07_C;397.182398104;0.5;4;1;4;4;62.300000000000004;4.131900000000003
251;t07_C_Non_seq_77;CCC(C)(C)OC(=O)CN1CCN(C(=O)CN2CCOCC2)CC1;ü§∑‚Äç‚ôÇÔ∏è;5.110584259033203;0.6431484223885854;2.3219756283298576;t07_C;341.231456472;0.8823529411764706;6;0;6;2;62.32000000000001;0.19460000000000255
19;Seq_19;CC(C)CCC[C@@H](C)CCC[C@@H](C)CCC[C@]1(C)CCC2=C(O1)C1=CC(Cl)=CC(Cl)=C1C2=O;ü§∑‚Äç‚ôÇÔ∏è;5.10821533203125;0.28955952104624844;4.016026223585104;Seq;492.2561859439999;0.6896551724137931;2;0;12;3;26.3;9.908999999999995
122;t02_C_Non_seq_21;CCC(C)c1nnc(NC(=O)c2cc(-c3ccccc3)on2)s1;ü§∑‚Äç‚ôÇÔ∏è;5.1017351150512695;0.7664674394456762;2.7366428438931933;t02_C;328.09939675199996;0.25;6;1;5;3;80.91000000000001;3.9589000000000025
309;t1_2_C_Non_seq_51;CCSc1ccc(NC(=O)c2cc(C)ccc2-n2ccnc2)cc1;ü§∑‚Äç‚ôÇÔ∏è;5.100399017333984;0.6950969407397763;2.154315747133831;t1_2_C;337.12488322800004;0.15789473684210525;4;1;5;3;46.92;4.545020000000003
25;Seq_25;NC(=O)C1=CN(C=CC1)[C@@H]1C[C@H](C1)NC(=O)C1=NC2=C(O)C=CC=C2N1;ü§∑‚Äç‚ôÇÔ∏è;5.097563743591309;0.6554985492045627;3.2684320184415325;Seq;353.148789468;0.2777777777777778;5;4;4;4;124.34;1.1178999999999994
35;Seq_35;CC(C)C1=CC2=C(OC1=O)C=C(C=C2)C(O)C1=CC=CC=C1;ü§∑‚Äç‚ôÇÔ∏è;5.085256576538086;0.742813366522062;2.640275559619763;Seq;294.125594436;0.21052631578947367;3;1;3;3;50.44;3.9981000000000027
339;t1_2_C_Non_seq_81;CCC(C)Nc1ccc(C(=O)Nc2cnn(CC(=O)N(C)C)c2)cn1;ü§∑‚Äç‚ôÇÔ∏è;5.081883430480957;0.7993251615729893;2.8308111632832915;t1_2_C;344.19607400800004;0.4117647058823529;6;2;7;2;92.15;1.8289999999999997
15;Seq_15;NC1=NC(N)=NC2=C1N=CN2[C@@H]1O[C@H](CO)[C@@H](O)[C@H](O)[C@H]1O;ü§∑‚Äç‚ôÇÔ∏è;5.08131217956543;0.3326759459977427;3.7766373961794955;Seq;312.11821761199997;0.5454545454545454;11;6;2;3;185.78999999999996;-3.0368999999999997
65;Seq_65;NC1=C2N=CN([C@@H]3O[C@H](CO)[C@@H](O)[C@H](O)[C@H]3O)C2=NC(N)=N1;ü§∑‚Äç‚ôÇÔ∏è;5.08131217956543;0.3326759459977427;3.7766373961794955;Seq;312.1182176120001;0.5454545454545454;11;6;2;3;185.79000000000002;-3.0368999999999997
263;t1_2_C_Non_seq_5;CCCCC(NC(=O)COc1ccccc1)C(=O)Nc1cccc(C(=O)NC)c1;ü§∑‚Äç‚ôÇÔ∏è;5.080654144287109;0.5743036669557774;2.3448663038852366;t1_2_C;397.20015634400005;0.3181818181818182;4;3;10;2;96.53;2.7387000000000006
31;Seq_31;NC(=O)C1=CN(C=CC1)[C@@H]1C[C@H](C1)NC(=O)C1=C2N=CN([C@H]3C[C@H](O)[C@@H](CO)O3)C2=C1;ü§∑‚Äç‚ôÇÔ∏è;5.06564998626709;0.3999832610194151;4.752027617324405;Seq;427.18556889999996;0.47619047619047616;8;4;6;5;142.94;-2.295599999999996
221;t07_C_Non_seq_47;CCC(CNC(=O)NCc1ccnc(OC2CCC2)c1)Oc1ccccc1;ü§∑‚Äç‚ôÇÔ∏è;5.064586639404297;0.7073464744614482;2.781039091928978;t07_C;369.205241724;0.42857142857142855;4;2;9;3;72.48;3.6697000000000024
241;t07_C_Non_seq_67;CCOC(=O)CC(NC(=O)c1ccc(F)cc1F)C(=O)OC;ü§∑‚Äç‚ôÇÔ∏è;5.064180374145508;0.797522528097989;2.4472415519653072;t07_C;315.09182902;0.35714285714285715;5;1;6;1;81.7;1.1894
28;Seq_28;NC(=O)C1(CCN(C1)C1=CC=CC=N1)NC(=O)C1=C(Cl)C2=CC=CC=C2C1=O;ü§∑‚Äç‚ôÇÔ∏è;5.061922073364258;0.7613325033576409;3.2819028259033463;Seq;396.098918084;0.2;5;2;4;4;105.38999999999999;1.4783999999999993
146;t02_C_Non_seq_53;CCc1cc(C(=O)N2CCCC2)ccc1NC(=O)c1ccc(F)nc1;ü§∑‚Äç‚ôÇÔ∏è;5.060538291931152;0.8683479156674783;2.0886222004236625;t02_C;341.1539551;0.3157894736842105;3;1;4;3;62.300000000000004;3.2714000000000016
78;Seq_78;NC(=O)C1(CCCC1)NC(=O)C1=NN(C(=O)C1)C1=CC=CC=C1;ü§∑‚Äç‚ôÇÔ∏è;5.059244155883789;0.8539451628266214;2.665469713802235;Seq;314.13789043599996;0.375;4;2;4;3;104.85999999999999;0.6935999999999993
268;t1_2_C_Non_seq_10;CCC(c1cccnc1)N(C(=O)Cc1ccc(S(N)(=O)=O)s1)C1CC1;ü§∑‚Äç‚ôÇÔ∏è;5.05833625793457;0.7995867051497906;3.182637919136135;t1_2_C;379.10243353199996;0.4117647058823529;5;1;7;3;93.35999999999999;2.4753000000000007
159;t02_C_Non_seq_75;CCc1cc(C)n(CC(=O)N2CCC(C(=O)N3CCCCC3)CC2)n1;ü§∑‚Äç‚ôÇÔ∏è;5.0531005859375;0.837816978758192;2.264152427942623;t02_C;346.2368762;0.7368421052631579;4;0;4;3;58.440000000000005;2.0050199999999996
89;Seq_89;NC1(CC1(F)F)C1=CC=C(OCC2(F)COC2)C=C1;ü§∑‚Äç‚ôÇÔ∏è;5.052461624145508;0.9121772661873296;3.68103889227193;Seq;273.097663348;0.5384615384615384;3;1;4;3;44.480000000000004;1.9969000000000001
38;Seq_38;NC1=C2N=CN([C@@H]3O[C@H](CO)[C@@H](O)[C@H](O)[C@H]3O)C2=NC=N1;ü§∑‚Äç‚ôÇÔ∏è;5.049964904785156;0.39952008530034666;3.6915190917856497;Seq;297.1073185800001;0.5454545454545454;10;5;2;3;159.76999999999998;-2.6190999999999995
212;t07_C_Non_seq_38;CCc1nc2sc(C(=O)OCC(=O)c3ccc[nH]3)c(C)c2c(=O)[nH]1;ü§∑‚Äç‚ôÇÔ∏è;5.045834541320801;0.5448115151091212;2.6430968682839353;t07_C;345.07832696;0.25;6;2;5;3;104.91;2.22322
115;t02_C_Non_seq_12;CCOc1ccc(C(=O)N2CCC(c3nc4ccccc4[nH]3)CC2)cc1;ü§∑‚Äç‚ôÇÔ∏è;5.042400360107422;0.7749185292079878;1.9869248335932141;t02_C;349.17902697600005;0.3333333333333333;3;1;4;4;58.22;3.9814000000000025
4;Seq_4;NC(=O)C1=CN(C=CC1)[C@H]1C[C@H](C1)NC(=O)C1=NC2=CC=C(OCC(F)(F)F)C=C2O1;ü§∑‚Äç‚ôÇÔ∏è;5.042227745056152;0.7204065226780102;3.278915868182004;Seq;436.13583974799997;0.35;6;2;6;4;110.69000000000001;2.6183000000000005
150;t02_C_Non_seq_61;CCOc1ccc(C(=O)N2CCN(C(=O)c3ccc(C)cc3)CC2)cc1;ü§∑‚Äç‚ôÇÔ∏è;5.033256530761719;0.8499174622991481;1.6747814645156343;t02_C;352.178692628;0.3333333333333333;3;0;4;3;49.85;2.9919200000000012
20;Seq_20;CC(C)C[C@H](NC(=O)C1=NC=CC=N1)C(=O)N1CCC[C@H]1C(O)=O;ü§∑‚Äç‚ôÇÔ∏è;5.031180381774902;0.7915761464328706;3.04444125458088;Seq;334.16410518399994;0.5625;5;2;6;2;112.49000000000001;0.6967000000000003
203;t07_C_Non_seq_29;CCC(C)N(Cc1cccnc1)Cc1cccc(C#N)c1;ü§∑‚Äç‚ôÇÔ∏è;5.030879020690918;0.8080903922290437;2.5994743836592207;t07_C;279.17354767200004;0.3333333333333333;3;0;6;2;39.92;3.753980000000003
43;Seq_43;NC1=C2N=CN([C@@H]3O[C@H](CO)[C@@H](O)[C@H]3O)C2=NC(N)=N1;ü§∑‚Äç‚ôÇÔ∏è;5.010475158691406;0.40326474287030695;3.620699717479072;Seq;282.107652928;0.5;10;5;2;3;165.56;-2.3977999999999997
129;t02_C_Non_seq_28;CCc1cc(C)n(CC(=O)N2CCCC2c2ccc3c(c2)OCCO3)n1;ü§∑‚Äç‚ôÇÔ∏è;5.005311965942383;0.8461859738556562;2.884315944998404;t02_C;355.18959165999996;0.5;5;0;4;4;56.59;2.888820000000001
71;Seq_71;NC1=C2N=CN([C@H]3O[C@H](CO)[C@@H](O)[C@H](O)[C@H]3O)C2=NC=N1;ü§∑‚Äç‚ôÇÔ∏è;5.002803802490234;0.39952008530034666;3.6915190917856497;Seq;297.1073185800001;0.5454545454545454;10;5;2;3;159.76999999999998;-2.6190999999999995
37;Seq_37;NC1=CC=C(C=C1)C1=NN([C@H]2C[C@H](O)[C@@H](O)[C@H]2O)C2=CC=CC=C12;ü§∑‚Äç‚ôÇÔ∏è;4.980258941650391;0.5319012087667097;3.5227351629349135;Seq;325.142641468;0.2777777777777778;6;4;2;4;104.53;1.3129999999999995
23;Seq_23;NC1=C2N=CN([C@H]3C[C@H](O)[C@@H](CO)O3)C2=NC(=N1)C1=CC=CC=N1;ü§∑‚Äç‚ôÇÔ∏è;4.980093002319336;0.6169973691144364;3.5097867719156923;Seq;328.128388372;0.3333333333333333;9;3;3;4;132.2;0.11120000000000008
326;t1_2_C_Non_seq_68;CCc1nccn1CC(=O)N1CCc2sccc2C1c1cccs1;ü§∑‚Äç‚ôÇÔ∏è;4.974151611328125;0.7132672122196082;3.0509642265577286;t1_2_C;357.096954228;0.3333333333333333;5;0;4;4;38.13;3.7428000000000035
59;Seq_59;NC(=O)C1=C2N=CN([C@H]3C[C@H](O)[C@@H](CO)O3)C2=NC=N1;ü§∑‚Äç‚ôÇÔ∏è;4.964876174926758;0.6257808257382897;3.6673472119554296;Seq;279.09675389600005;0.45454545454545453;8;3;3;3;136.38;-1.4341000000000002
163;t02_C_Non_seq_80;CCc1ccc(C(=O)Nc2ccc(-n3ccnc3)nc2)c(C)c1;ü§∑‚Äç‚ôÇÔ∏è;4.961897850036621;0.8034659104595563;2.153365647099708;t02_C;306.148061196;0.16666666666666666;4;1;4;3;59.81;3.3904200000000024
84;Seq_84;CC(C)C1=CC=C(CN2CCC(CC2)C(O)=O)C=C1;ü§∑‚Äç‚ôÇÔ∏è;4.961346626281738;0.9050323278983823;1.7032146909846055;Seq;261.172878976;0.5625;2;1;4;2;40.54;3.106600000000001
154;t02_C_Non_seq_66;CCc1ccc(C(=O)N2CCC(C(=O)N3CCOCC3)CC2)cc1F;ü§∑‚Äç‚ôÇÔ∏è;4.959195137023926;0.8405237627855019;2.0845054073575735;t02_C;348.18492088000005;0.5789473684210527;3;0;3;3;49.85000000000001;2.0991
53;Seq_53;NC1(CC1(Cl)Cl)C1=CC=CC=C1Cl;ü§∑‚Äç‚ôÇÔ∏è;4.956995964050293;0.7452992665287871;3.1916962145933434;Seq;234.972232296;0.3333333333333333;1;1;1;2;26.02;3.071600000000001
128;t02_C_Non_seq_27;CCc1ccc(C(=O)N2CCN(C(=O)c3ccc(F)cc3)CC2)cc1;ü§∑‚Äç‚ôÇÔ∏è;4.953611373901367;0.8617918256331736;1.6739981484193294;t02_C;340.158706132;0.3;2;0;3;3;40.620000000000005;2.9863000000000017
232;t07_C_Non_seq_58;CCOc1ccc(-c2nc3c(s2)CCN3)c(OC)c1;ü§∑‚Äç‚ôÇÔ∏è;4.9484052658081055;0.9310829425373582;2.6053588735944473;t07_C;276.093248752;0.35714285714285715;5;1;4;3;43.379999999999995;3.1854000000000005
76;Seq_76;NC(=O)C1=C2N=CN([C@@H]3O[C@H](CO)[C@@H](O)[C@H](O)[C@H]3O)C2=NC=N1;ü§∑‚Äç‚ôÇÔ∏è;4.947589874267578;0.39071722798451136;3.8720173284500863;Seq;325.10223320000006;0.5;10;5;3;3;176.83999999999997;-3.1023999999999994
155;t02_C_Non_seq_67;CCOc1ccc(C(=O)N2CCC(C(=O)N3CCCC3)CC2)cc1;ü§∑‚Äç‚ôÇÔ∏è;4.946925163269043;0.8523890433468142;1.794749191949883;t02_C;330.194342692;0.5789473684210527;3;0;4;3;49.85;2.5599000000000007
14;Seq_14;NC1=C2N=CN([C@H]3C[C@H](O)[C@@H](CO)O3)C2=NC2=C1C=C(O)C=C2;ü§∑‚Äç‚ôÇÔ∏è;4.945367813110352;0.5423621652244602;3.6616173941024917;Seq;316.11715499199994;0.3333333333333333;8;4;2;4;126.65;0.5130000000000003
36;Seq_36;NC(=O)C1=CN(C=CC1)[C@@H]1C[C@H](C1)NC(=O)C1=C2N=CN=C2N=C1;ü§∑‚Äç‚ôÇÔ∏è;4.939206123352051;0.7586575577056723;4.019432125256987;Seq;324.13347375200004;0.3125;6;2;4;4;112.51;0.0010999999999999344
120;t02_C_Non_seq_18;CCc1cc(C)n(CC(=O)N2CCC(C(=O)N3CCCC3)CC2)n1;ü§∑‚Äç‚ôÇÔ∏è;4.932682037353516;0.8416536914426531;2.2567760166597015;t02_C;332.221226136;0.7222222222222222;4;0;4;3;58.440000000000005;1.6149199999999997
167;t02_C_Non_seq_85;CCC(C)NC(=O)c1ccc(NC(=O)c2ccc(-n3ccnn3)cc2)cc1;ü§∑‚Äç‚ôÇÔ∏è;4.931286811828613;0.7043872041094767;2.493242818971167;t02_C;363.16952491200004;0.2;5;2;6;3;88.91000000000001;3.047900000000001
2;Seq_2;NC1=C2N=CN([C@H]3C[C@H](O)[C@@H](CO)O3)C2=NC(N)=N1;ü§∑‚Äç‚ôÇÔ∏è;4.901315689086914;0.5205856946936358;3.571222284202131;Seq;266.112738308;0.5;9;4;2;3;145.32999999999998;-1.3685999999999996
56;Seq_56;NC1=C2N=CN([C@H]3C[C@H](O)[C@@H](CO)O3)C2=NC(=O)N1;ü§∑‚Äç‚ôÇÔ∏è;4.901206970214844;0.5103728382686842;3.865471340805904;Seq;267.096753896;0.5;8;4;2;3;139.28;-1.6575000000000002
95;Seq_95;CC(C)C1=CC(C(=O)NC2=CC=CC=C2)=C(O)C=C1;ü§∑‚Äç‚ôÇÔ∏è;4.8861494064331055;0.8767241342892861;1.625396693887362;Seq;255.125928784;0.1875;2;2;3;2;49.33;3.7679000000000027
8;Seq_8;NC(=O)C1=C2CN([C@H]3C[C@H](O)[C@@H](CO)O3)C2=NC=N1;ü§∑‚Äç‚ôÇÔ∏è;4.8776750564575195;0.5996257447049892;3.9838063190352226;Seq;266.101504928;0.5454545454545454;7;3;3;3;121.80000000000001;-1.6363000000000003
192;t07_C_Non_seq_18;CCc1ccc(CNC(=O)NCc2cccc(C)c2)cc1;ü§∑‚Äç‚ôÇÔ∏è;4.876450538635254;0.8647419111433464;1.6294705435090933;t07_C;282.17321332399996;0.2777777777777778;1;2;5;2;41.13;3.556820000000002
149;t02_C_Non_seq_60;CCOc1ccc(C(=O)Nc2ccc(C)c(NC(C)=O)c2)cc1;ü§∑‚Äç‚ôÇÔ∏è;4.871024131774902;0.8860593309556257;1.6055183787430654;t02_C;312.1473925;0.2222222222222222;3;2;5;2;67.43;3.604420000000002
50;Seq_50;NC1=NC(=O)N(C=N1)[C@@H]1O[C@H](CO)[C@@H](O)[C@H]1O;ü§∑‚Äç‚ôÇÔ∏è;4.865984916687012;0.4262474653048269;3.687407323630228;Seq;244.080769484;0.625;9;4;2;2;143.72;-3.167999999999999
245;t07_C_Non_seq_71;CCCC(=O)N1CCC(C(=O)c2ccc(OC)cc2)CC1;ü§∑‚Äç‚ôÇÔ∏è;4.863651275634766;0.7829937564450272;1.7924603088285203;t07_C;289.167793596;0.5294117647058824;3;0;5;2;46.61;2.9166000000000016
137;t02_C_Non_seq_43;CCC(C)c1ccc(C(=O)N2CCC(C(=O)N3CCCC3)CC2)cc1;ü§∑‚Äç‚ôÇÔ∏è;4.857535362243652;0.8374293478340367;2.363205661375524;t02_C;342.2307282;0.6190476190476191;2;0;4;3;40.620000000000005;3.674700000000003
44;Seq_44;NC1=NC(=O)N(C=N1)[C@@H]1O[C@H](CO)[C@@H](O)C1O;ü§∑‚Äç‚ôÇÔ∏è;4.854985237121582;0.4262474653048269;3.687407323630228;Seq;244.080769484;0.625;9;4;2;2;143.72;-3.167999999999999
47;Seq_47;NC(=O)C1=CN(C=CC1)[C@@H]1O[C@H](CO)[C@@H](O)[C@H](O)[C@H]1O;ü§∑‚Äç‚ôÇÔ∏è;4.854457855224609;0.3827405110460765;4.340091885666226;Seq;286.116486296;0.5833333333333334;7;5;3;2;136.48000000000002;-2.6250999999999984
62;Seq_62;NC(=O)C1=CN(C=CC1)[C@@H]1C[C@H](O)[C@@H](CO)O1;ü§∑‚Äç‚ôÇÔ∏è;4.842247009277344;0.5903986981148319;4.304579106657997;Seq;240.111006992;0.5454545454545454;5;3;3;2;96.02000000000001;-0.9568000000000003
237;t07_C_Non_seq_63;CCc1nc(-c2ccncc2)nc2sc(C(=O)N3CCCC3)c(N)c12;ü§∑‚Äç‚ôÇÔ∏è;4.840165138244629;0.7817489034996079;2.5273781592535656;t07_C;353.13103122800004;0.3333333333333333;6;1;3;4;85;3.1339000000000006
91;Seq_91;CC1=C(C)CN(C2=CC=CC=C2C(O)=O)C1=O;ü§∑‚Äç‚ôÇÔ∏è;4.830574989318848;0.8471867737680107;2.408590996556274;Seq;231.089543276;0.23076923076923078;2;1;2;2;57.61;2.0678
52;Seq_52;NC1=NC(N)=C(N=N1)[C@H]1C[C@H](O)[C@@H](CO)O1;ü§∑‚Äç‚ôÇÔ∏è;4.8184356689453125;0.46438943064254656;4.088985386417818;Seq;227.101839276;0.625;8;4;2;2;140.39999999999998;-1.7808000000000004
99;Seq_99;NC(=O)C1=CN(C=CC1)[C@@H]1O[C@H](CO)[C@@H](O)C1;ü§∑‚Äç‚ôÇÔ∏è;4.81264591217041;0.5903986981148319;4.304579106657997;Seq;240.111006992;0.5454545454545454;5;3;3;2;96.02000000000001;-0.9567999999999999
98;Seq_98;NC1=C2N=CN([C@H]3O[C@H](CO)[C@@H](O)[C@H]3O)C2=NC(O)=N1;ü§∑‚Äç‚ôÇÔ∏è;4.786746025085449;0.4089065021060057;3.897157060136415;Seq;283.091668516;0.5;10;5;2;3;159.76999999999998;-2.2744
274;t1_2_C_Non_seq_16;CCOc1cccc(C(=O)c2ccc(OC(C)=O)cc2)c1;ü§∑‚Äç‚ôÇÔ∏è;4.783685684204102;0.4802819981912114;1.7050746504191316;t1_2_C;284.104858992;0.17647058823529413;4;0;5;2;52.6;3.241600000000002
177;t07_C_Non_seq_3;CCOc1ccc(-c2cc(C(=O)N3CCOC(C(N)=O)C3)on2)cc1;ü§∑‚Äç‚ôÇÔ∏è;4.783289909362793;0.86818242337092;2.7944333970201622;t07_C;345.132470708;0.35294117647058826;6;1;5;3;107.88999999999999;1.0665999999999993
21;Seq_21;NC1=C2N=CN([C@H]3C[C@H](O)[C@@H](CO)O3)C2=NC(O)=N1;ü§∑‚Äç‚ôÇÔ∏è;4.7358245849609375;0.5291282489540963;3.8581119794125804;Seq;267.096753896;0.5;9;4;2;3;139.54000000000002;-1.2452
313;t1_2_C_Non_seq_55;CCn1c(NCCO)ncc(Br)c1=O;ü§∑‚Äç‚ôÇÔ∏è;4.710914611816406;0.8253270352268886;2.6151777516840404;t1_2_C;261.011288724;0.5;5;2;4;1;67.15;0.42989999999999956
248;t07_C_Non_seq_74;CCCC(CCO)NC(=O)c1cc(C(F)(F)F)ccc1F;ü§∑‚Äç‚ôÇÔ∏è;4.698740005493164;0.7933697001792669;2.6721052078350436;t07_C;307.11954166400005;0.5;2;2;6;1;49.33;3.1254000000000017
22;Seq_22;CC(C)C1=C(OC(C)=O)C=CC=C1;ü§∑‚Äç‚ôÇÔ∏è;4.676389694213867;0.5138309149925242;1.68138568407476;Seq;178.099379688;0.36363636363636365;2;0;2;1;26.3;2.7353000000000014
97;Seq_97;NC(=O)C1=CN(C=CC1)C1=NC2=CC=CC=C2N1C1=CC=CC=C1;ü§∑‚Äç‚ôÇÔ∏è;4.65434455871582;0.8072257617181298;2.717161155638369;Seq;316.132411132;0.05263157894736842;4;1;3;4;64.15;3.118500000000002
86;Seq_86;NC(=O)C1=CN(C=CC1)[C@@H]1C[C@H](C1)O;ü§∑‚Äç‚ôÇÔ∏è;4.449709892272949;0.6547671968202335;3.4602959703075236;Seq;194.105527688;0.5;3;2;2;2;66.56;0.09830000000000033
74;Seq_74;NC(=O)C1=CN(C=CC1)C1=NC2=C(N1)C=CN=C2;ü§∑‚Äç‚ôÇÔ∏è;4.410885334014893;0.8221661777800663;3.3704458993646957;Seq;241.096359972;0.08333333333333333;4;2;2;3;87.9;1.0509
51;Seq_51;NC(=O)C1=CN(C=CC1)C1=NC(NC2=CC=C(O)C=C2)=CC=N1;ü§∑‚Äç‚ôÇÔ∏è;4.051124572753906;0.7463657710252672;2.9609362764703384;Seq;309.12257472000005;0.0625;6;3;4;3;104.37;2.0187999999999997
